tweet_id,author_id,customer_tweet,intent,historical_reply,in_response_to_tweet_id
1633052,499666,Updated my phone &amp; @AppleSupport deleted all my music :)))),software_update,"@AppleSupport We'd like to learn more about this. Is this music downloaded from Apple Music Membership, or synced from iTunes?",
261316,178220,@AppleSupport the latest update 11 it's downright bug and my phone the touch no longer works i cant coming back to 10.3.3,software_update,@AppleSupport Have you tried restarting your iPhone since you noticed this happening?,261315.0
2266073,659598,@AppleSupport Just updated my phone to the most recent iOS and now I can’t send emails from my Yahoo email account (bogus “username or password is incorrect” message). What gives???,account_apple_id,@AppleSupport We're happy to help. Reach us via DM to continue.,
2054539,607639,This new iPhone update is garbage! My battery life is getting murdered now @AppleSupport @AppleSupport,device_troubleshooting,"@AppleSupport We'd like to take a look into this. Send us a DM with your iPhone model, and iOS version to get started.",
925568,543115,@AppleSupport Hi I cant see vpn icon on notification bar when I enable it in ios 11.0.3 Iphone 6s.,software_update,@AppleSupport We're here to help! Do you mean the status bar at the top of the iPhone display? Have you restarted? Let us know in DM.,925552.0
1133220,387022,@AppleSupport @AppleSupport if i’m pre ordering the iPhone X would i have to pre order it from my carrier company to pay for it monthly not all at once?,order_shipping_inquiry,@AppleSupport We're excited about the iPhone X and want to answer your questions. Reach out to our Sales team:,1133221.0
1126192,226995,Thanks alot for turning my perfectly good iPhone into an unusable piece of crap with your new update @AppleSupport,software_update,@AppleSupport We'd love to assist. Can you give us some details including the iPhone model and the exact iOS version it's running?,
1765047,530912,@AppleSupport @AppleSupport Could you explain this? 11 is the most buggy iOS version ever. 11.0.x was and 11.1 is. @AppleSupport,software_update,@AppleSupport Let's have a look at this issue together. Can you please DM us?,
879297,328747,@AppleSupport I have an iPhone 6s Plus and iOS 11.0.3,software_update,"@AppleSupport Got it, thanks! So we can look closer into this with you, reach out to us in DM and we'll continue from there.",879296.0
1325967,320188,@AppleSupport my #iPhone7Plus still gets stuck in landscape mode on #iOS 11.0.3,software_update,"@AppleSupport We're glad to help. Let's try restarting the device by following this article, then test again:",
2691818,230301,What now @AppleSupport ? I’ve lost the use of my computer trying to upgrade to Sierra - have restarted 5 times now!,device_troubleshooting,@AppleSupport Are you able to get your device into recovery mode? Here's the steps needed for this.,
1929205,574104,@AppleSupport anyway to check the overall battery health of my iPhone 6s?,device_troubleshooting,@AppleSupport Hello there. We'd be glad to look into what's going on with your iPhone. Send us more information via DM:,
2238902,240439,@AppleSupport Hello. My attempt to install MacOS High Sierra failed and now my computer freezes when starting-up. I sent my log. Please help.,software_update,@AppleSupport We are here for you. Let's take a look at this further. Reach out to us in DM.,
905817,335044,@AppleSupport Operational. Apps also freezing and dropping out. Issues began post update. Thanks for the help!,hardware_repair_warranty,@AppleSupport We're here to help. Are you not able to hear any sound through the ear piece at all? Have you tried any steps to resolve this?,905816.0
798821,310422,@AppleSupport why release an ios that freezes your BRAND NEW phone smh,device_troubleshooting,@AppleSupport We want you to get the most out of your new iPhone. Which model are you using? DM us and let us know.,
519223,239814,@AppleSupport iDevices all over the Philippines are restarting randomly every 2-3mins. Fix this.,device_troubleshooting,@AppleSupport DM us and we'll do everything possible to help get this resolved for you. Send us details on what you're seeing and we'll go from there.,
561748,251452,"The last week my iPhone goes from 70% battery to 1% in less than 30mins even when I havnt touched the phone😡 i have it on battery saver even tried air plane Mode, it’s so annoying! @AppleSupport why is this happening it’s so frustrating",device_troubleshooting,"@AppleSupport You've come to the right place, we'll be happy to look into this with you. To start, can you check if there's any message that mentions your iPhone's battery being in need of service, in Settings &gt; Battery? Use this article as reference:",
1805709,542555,@AppleSupport @AppleSupport When do you please address the battery issues with iOS11? How can it be that same usage drains batt inhalf the time?,device_troubleshooting,@AppleSupport Your battery life is important to us. Let us know in DM what type of device you have and the exact iOS 11 version you are running.,
235858,172181,@AppleSupport iPhone keeps dying at 100%. I have an iPhone 6 and I’m running iOS 11.0.1,software_update,"@AppleSupport Battery life is important, and we're here for you. Send us a DM, and we'll continue with you from there.",
2784657,777515,IF MY PHONE WILL NOT TURN ON HOW DO YOU EXPECT ME TO GET THE VERIFICATION CODE THAT YOU TEXTED TO MY BROKEN PHONE. BUY ME A NEW PHONE PLS I'M BROKE AND UPSET @AppleSupport @AppleSupport,account_apple_id,@AppleSupport Thanks for reaching out. We're here to help. DM us so we can look into this further with you.,
2889482,801134,@AppleSupport hi guys! I have an iPhone 6s Plus that has developed a “blurry” camera issue and the Touch ID is no longer working. Purchased earlier this year in UAE. Can you let me know via my receipt I can DM you if covered by warranty for a fix?,device_troubleshooting,"@AppleSupport We're happy to look into the issues you're experiencing with your iPhone. In DM, please let us know which software version you're using.",
1938353,576595,@AppleSupport My iphone RESTARTS BY ITSELF more than 3 times a DAY.,device_troubleshooting,@AppleSupport We know unexpected restarts can affect your typical use. Let's work on this in DM. Share which iPhone with the link below:,
1606803,493582,Apple Watch users: anyone else have trouble with an exercise (boxing) pausing even when locked? Can’t find a fix for this. @AppleSupport,account_apple_id,@AppleSupport We'd like to look into this with you. Which Apple Watch and version of watchOS are you using?,
1341777,432964,"@AppleSupport my preorder for iPhone x says ‘delivers 3rd November’, does that mean it’ll arrive on that day or it gets shipped out then?",order_shipping_inquiry,"@AppleSupport To best answer your question, we’d recommend reaching out to our Apple Online Sales team here:",
2670232,751993,@AppleSupport iPhone 7 (iOS 11.0.2) Apple Music app crashes every time I launch it. Restartig the phone doesn’t fix the problem.,device_troubleshooting,@AppleSupport We're here for you! Let's get this sorted out together. When did this behavior start? Please DM us to proceed from here.,
2439699,699744,@AppleSupport I’ve restarted my phone several times. Still doesn’t work,device_troubleshooting,@AppleSupport Thanks for trying that step. We want to take a deeper look into this with you. Send us a DM and we'll get started.,2439698.0
181374,158604,"@AppleSupport Hello, I’m iPhone 6s user. Why I can’t downgrade to iOS 10.3.3? I saw from ipsw.me that’s still sign for iPhone 6s.",software_update,@AppleSupport We recommend getting software versions directly from Apple to be sure it's genuine. The current version available is iOS 11.1.2.,
618558,266757,@AppleSupport My iPhone keeps crashing I can't even text nor call after the update. As you can tell I couldn't even post my tweet before,software_update,@AppleSupport Thanks for reaching out. DM which iPhone and specific iOS version you are using to get started.,618560.0
1865891,557451,@AppleSupport my iPhone 7 keeps freezing and I have to constantly do a hard reset! #Notcool,account_apple_id,"@AppleSupport Thanks for reaching out to us. We are always happy to help. Send us a DM, so we can look into this together.",
1082451,200366,@AppleSupport hi I updated my iphone to the new iOS update and since then my battery goes down a lot quicker then it did before the update,software_update,@AppleSupport We are here to help. DM us your exact iOS version and we can take a look at this.,
464719,225526,I believe iOS 11.1.2 has battery problem. @AppleSupport need your help.,device_troubleshooting,@AppleSupport We'll be happy to assist. DM us more about what you're experiencing and we'll do everything we can.,
1920136,571631,"@AppleSupport the new IOS update is dreadful, so many bugs. Sort it out lads",software_update,@AppleSupport Thanks for reaching out! Let us help with your iPhone. DM us your exact iOS version and more details about the issues to proceed.,
97097,137197,@AppleSupport I'm using High Sierra version 10.13.1 Yes it disappears after the restart but back after some time. It is not specific to particular apps that keeps shuffling. and the notifications on top right also miss images.,device_troubleshooting,"@AppleSupport Got it. Let's have you boot up in safe mode. This will rule out a cache or directory issue with your startup disk; if that's the cause. Here's how to use safe mode: After you boot into safe mode, restart as normal and DM us the results.",97096.0
397537,441180,@AppleSupport @AppleSupport Same here! iPhone 7Plus/iOS 11.0.3! It’s a dud. Battery killer/Getting Hot/Freezes or Shuts down w/o warning! +Apple killed Bookworm😰,device_troubleshooting,"@AppleSupport Hey, thanks for letting us know about the issues you're having with your battery! Have you already updated to iOS 11.1?",397536.0
2833092,788711,@AppleSupport Recently updated iphone to iOS 11.1.2 which is lagging a lot.,software_update,@AppleSupport We've received your DM and will continue there.,
161253,153199,@AppleSupport my iPad Pro won’t install IOS 11?,software_update,@AppleSupport We'd be happy to help. Are you receiving an error message?,
2773248,775111,"@AppleSupport Unable to update Apple ID. It says ""Your Apple ID cannot be updated at this time. Please try again later."" See more details about my issue at",account_apple_id,"@AppleSupport We've received your DM, and we'll continue with you there. Be on the lookout for a response.",
1725001,521731,"@AppleSupport Hi dear. While i take a screen recording, it cuts off suddenly before completing five minutes!",device_troubleshooting,"@AppleSupport Thanks for reaching out. We've received your DM, and we'll continue from there.",
2123228,625463,"@AppleSupport Yeah I am. I tried to update but it said the update failed and I needed to restore it. I try to restore it, and it's saying my device can't be found",software_update,"@AppleSupport Try the following steps, starting with updating iTunes: DM us if you encounter issues from here.",2123229.0
661567,715349,"@AppleSupport I have something to ask, about the issue was happened for 11.1 for apple logo on screen lock, Im afraid to make the new update 11.1.1 if it's still there, can you tell me if apple fix that or no?",device_troubleshooting,"@AppleSupport We want to help you. We won't be able to say for sure, but we do recommend backing up and updating: If anything comes up, feel free to DM us. We can assist.",661563.0
1345630,433770,@AppleSupport since ios11 I didn’t get proactive destination (with traffic) as Notification. Known problem or something to configure?,software_update,@AppleSupport We're glad to assist. Are you on iOS 11.0.3 or an earlier version?,
433089,218006,"@AppleSupport It’s not rotating properly, stretching the screen image, texting delay among some of the errors",device_troubleshooting,@AppleSupport Could you Direct Message us and let us know what iPhone model you're using?,433090.0
2402120,691097,"@AppleSupport I was going to do a complete reset of my phone, the 7plus. I went to back it up on iCloud &amp; it says it was done but once it restarted, it said I had no backup so I had to start the iPhone as a new iPhone. Is there anyway to restore it? I did back it up but it says I didn’t.",device_troubleshooting,"@AppleSupport To make sure we're on the same page, were you resetting through iTunes, but it didn't find the backup, or when setting up the device, through the Setup Assistant, it couldn't find the iCloud backup?",2402119.0
2191198,641402,@AppleSupport 11.0.2. I know there’s an update available however this update doesn’t include any of the problems I reported in my previous tweet. Ths,software_update,@AppleSupport Let's have a look at this together. Can you please DM us?,2191197.0
753024,299972,New iOS 11 Podcast App is terrible.. Can’t go back to last listened and doesn’t start next episode… @AppleSupport,software_update,"@AppleSupport We're here for you. Check out the ""Listen continuously with Up Next"" section here:",
288366,184690,@AppleSupport Yes! I am on 11.0.2 I was hoping updates will fix this but this doesn’t go away. My iphone is 6s,software_update,"@AppleSupport Thanks. So we can look at all of your support options, could you provide your current location? Please reply in DM.",288365.0
1564025,482959,iOS 11.1 got the letter “I” all fucked up @AppleSupport @AppleSupport,software_update,@AppleSupport This article has some steps that can help:,
1192242,400217,"@AppleSupport hi I upgraded to iOS 11.0.2 and then to 11.0.3 to see if that would remedy my ""no service"" problem since upgrading. Help!",software_update,@AppleSupport We definitely want to help you with the iPhone and service today. Let's start here:,
286375,184224,Ever since I updated my phone my apps have been freezing like crazy. What gives! @AppleSupport,software_update,@AppleSupport Let's look into that. Send us a DM and we'll go from there.,
2069005,611856,@AppleSupport this keeps happening to my phone ever since I updated to iOS 11,software_update,@AppleSupport Let's hit this head on with you. What steps have you taken to resolve this? Have you tried restarting the device? DM us:,
1662187,506899,@AppleSupport Ios 11.0.3 (15A432),software_update,@AppleSupport Thanks for that. Do you get any error messages when this happens? Does it happen in certain areas or certain times of day?,1662186.0
2412500,693552,@AppleSupport @AppleSupport can someone tell me why since the update I have had to charge my phone twice?? Percentage is going down every second.. 😡😡😡😡,billing_subscription,@AppleSupport That's not what you should experience with your battery but we can help with that. What iOS are you using with your iPhone? How long does your battery last on a full charge? Let us know in a DM to continue.,
1550268,479820,Hi @AppleSupport Any idea why iPhone 6 slower than usual just after updating software to 11.1 !? #Help,software_update,@AppleSupport Let's look into this together. Send us a DM with details about what's happening with the iPhone 6 performance.,
9829,117806,@AppleSupport started before downloading 11.1 (was never able to download 11.0.3). hasn't gotten better since update,software_update,@AppleSupport Let's continue within DM here:,9828.0
682051,282772,Anybody else having issues trying to get The iOS 11.1 update? @AppleSupport,software_update,@AppleSupport Hey there. We'd like to discuss this with you. Send us a DM so we can talk there.,
1760258,529797,Wtf @AppleSupport @AppleSupport ?Why does my iPad have WiFi and Bluetooth turned on every single time I pick it up?I'm not down with that.Fix it!,device_troubleshooting,@AppleSupport We'd like to help. Can you tell us the iOS version your iPad is running in Settings &gt; General &gt; About?,
2780666,776616,"@AppleSupport It happens in various locations. Previously had same issue. Ordered a new sim, and also had a replacement handset. But the issue still occurs",order_shipping_inquiry,"@AppleSupport What iOS version is installed? Find this by tapping: Settings &gt; General &gt; About. Also, when it happens, what is your cellular signal strength?",2780665.0
2532905,720809,"@AppleSupport since I updated to iOS 11, unable to download any new apps/music from App Store or iTunes. Tried all troubleshooting including a DFU. 😡",billing_subscription,@AppleSupport Let's get this figured out together. What happens when you try to download from the App Store? Receive any error messages?,
1261273,298164,@AppleSupport new IOS has made my iPhone 6s almost useless. Takes too long to respond to anything. A ploy to upgrade or move to Samsung?,software_update,@AppleSupport That's not the experience we expect for you. We'd like to look into what's causing it to not respond. Which iOS version are you on?,
2009395,594170,@AppleSupport After i updated my iMac to 10.13.1 .I couldn’t find my photos in my photoslibrary.only at spotlight.Where are they?,software_update,@AppleSupport Let's get you to the best place for help with your Photos. Please reach out to our phone team here:,
2076165,585907,My battery percentage is going down instead of increasing anyone know what I can do I have the iPhone 8+ #apple @AppleSupport @AppleSupport #iPhone8Plus #iPhone8,device_troubleshooting,@AppleSupport That's not the experience we'd want you to have. Send us a DM with the country that you are located in to continue.,
2410106,692943,@AppleSupport iPhone 7 Plus and iOS 11.1.2,software_update,"@AppleSupport Great! Thanks for confirming that for us. Next, does your volume mute randomly, when using a particular app, or when performing a specific action?",2410108.0
602374,262987,@AppleSupport I have a problem with iOS 11.2. It turns out 3D Touch was working fine before the update. Now with 3D Touch set in “Light” I have to apply more force on the screen than previous versions of iOS.,device_troubleshooting,"@AppleSupport We'd be glad to take a look at this. If you feel that the base level of pressure for 3D Touch has shifted since the update, then which model iPhone are you using? Also, is the same amount of force needed universally, or just on certain apps? Thanks.",
905939,335077,@AppleSupport why do all of my photos have that and how do i get rid of it it’s stopping me from putting them as a home/lock screen,device_troubleshooting,"@AppleSupport We'd like to help you find out why this warning is showing. To start, can you let us know if you use the iCloud Photo Library?",
671356,224962,Can anyone tell me why some apps get updated automatically &amp; others don’t. Please see below. My weather and Wordpress apps are pending update (pic1) &amp; yet I have automatic updates switched on &amp; have been on wifi all night and morning (pic2) @AppleSupport,device_troubleshooting,@AppleSupport Hello. We are here to help. To get started what is your iOS version?,
2367769,417273,@AppleSupport iOS 11.1 seems to have broken iMessage on my iPad!,hardware_repair_warranty,@AppleSupport We can help with iMessage. What kind of issues are you having with it currently?,
707460,289131,High sierra e ios11 no han hecho mas que convertir en mierdas inusables y atascadas de bugs a mi celular y computadora. @AppleSupport,software_update,@AppleSupport We offer support via Twitter in English. Get help in Spanish here: or join,
1451563,456848,"@AppleSupport It’s not necessarily stuck, but I am constantly having to keep my phone on the charger because it dies so quickly.",billing_subscription,@AppleSupport We'd like to look into this further. DM us and we'll continue there.,1451562.0
2562351,727168,@AppleSupport @AppleSupport release an update to fix my phone 😕‼️,software_update,@AppleSupport You're in the right place for help with your iPhone! We'll exhaust all our options to get things working as expected again. What's going on? DM us specifics to begin.,
1889586,563506,@AppleSupport updated to iOS11 and now my microphone doesn’t work properly... funny that. FIX IT 😡,software_update,"@AppleSupport If you're having issues with the microphone on your device, we'll be more than happy to get this sorted. Please DM us more info.",
1850847,554044,"@AppleSupport Also, when I use certain charger cables, my screen goes utterly bats***, typing and tapping by itself. Not cool, guys. Knock it off.",billing_subscription,@AppleSupport Thanks for keeping us updated. Which device are we working with today? Let us know in DM and we'll continue there.,1850849.0
2131154,627218,@AppleSupport I believe the quality of the battery has degraded. I used to charge it overnight and it would last all day. Now it’s at 28% by lunch time. The other day it dropped from 20% to 1% in a short space in time and with just 15mins of charging it jumped back up to 14% again.,hardware_repair_warranty,"@AppleSupport Thank you for getting back to us. Since we last spoke, did you go ahead and update to the latest iOS version? Please DM your reply. We'll meet you there.",2131153.0
2945697,813661,"@AppleSupport @AppleSupport hello, my iPhone X shipment until yesterday had delivery date for December 01. today has changed the status and says it is not available",order_shipping_inquiry,@AppleSupport Help is here. Did you purchase through the Apple Online Store or another reseller? Let us know by joining us in DM and we'll go from there:,
2709962,760957,IPhone 7 on IOS 11.1.1. Went to bed with 45% left wake up battery all gone. Pls fix this @AppleSupport,device_troubleshooting,"@AppleSupport We’d love to help. First, do you charge with an Apple-Certified cable? If so, will it charge with another cable, power source, or outlet?",
1276345,418756,"@AppleSupport after update, my phone it won’t go into sleep mode w/o me pressing the button in the side. I have it set to 30 seconds",software_update,@AppleSupport We want to help. Which iOS version are we working with? You can find that in Settings &gt; General &gt; About. Please DM us.,
257773,177321,@AppleSupport why does my phone keep restarting on its own???,device_troubleshooting,@AppleSupport Let's look into this with you. Have you noticed any pattern in which this happens?,
905231,334902,Anyone else’s iPhone 100 times slower or just constantly freeze since the update? @AppleSupport,device_troubleshooting,@AppleSupport We can assist you. Please DM us via the following link and we'll help you further.,
1875652,559939,"@AppleSupport iPhone 6 running 11.0.3, turning off Bluetooth in the control center doesn’t actually turn it off. Have to go into settings.",device_troubleshooting,@AppleSupport Hi. Inform on how the toggles work in Control Center for iOS 11 can be found here: Questions? DM us.,
1368981,438649,my pickup/delivery date has disappeared...should I worry? :( @AppleSupport @AppleSupport 😟,order_shipping_inquiry,@AppleSupport We're here for you. You'll want to get in touch with our sales team here:,
2060172,609318,@AppleSupport @AppleSupport IOS 11 so trash. My phone intermittently restarts itself and it’s a iPhone 7 Plus. Battery life is worse. 🚮🚮🚮,device_troubleshooting,@AppleSupport This isn't the experience we want you to have. DM us with more details about what you're experiencing &amp; we'll go from there.,
2111332,622754,@AppleSupport tell me why I just watched my phone drop from 62% to 45% with no in between . Also why it dies at 32%. LEMME KNOW,hardware_repair_warranty,"@AppleSupport We'd like to help. Let us know in DM which iPhone you have, along with the iOS version to continue.",
2425840,696598,"@AppleSupport Trying to install the free SAMs app but iTunes won’t let me. This is crazy, and my card is good.",software_update,@AppleSupport We’d like to see how we can help. Do you see this error message on another Wi-Fi network or with cellular data?,
1803095,541798,"@AppleSupport ever since i updated to ios 11, my phone volume is at the quietest setting even when I shows I have my volume all the way up",software_update,@AppleSupport Let's take a look at this together. Have you already updated to iOS 11.0.3? Let us know in DM and we'll get started.,
1942145,577517,@AppleSupport I updated to 11.1 and the alarm function still is not working.,software_update,"@AppleSupport Have you tried setting up a new alarm? If not, please set one up for 5 minutes from now to test. DM us the result.",1942144.0
854563,322957,Hey @AppleSupport why do custom lyrics added in iTunes not survive syncs to iOS devices?,software_update,@AppleSupport We can certainly help look into these lyrics with you. What version of iTunes do you have &amp; are you an Apple Music subscriber?,
1702055,516057,Does anyone else feel that iOS has become buggy? @AppleSupport Home freezes to landscape mode; apps don’t. Preview notifications flicker.,software_update,"@AppleSupport This isn't the experience we expect from our iOS for you, so let's look into this together. Which device is this occurring on?",
2341756,677365,@AppleSupport I can’t access my locked notes since upgrading to iPhone X. It’s asking for a password which I have never set; Face ID is not working. Please advise.,account_apple_id,"@AppleSupport We'd like to discuss this together. For issues with locked notes, were these originally made on another iPhone? Do you still have this iPhone? If so, try entering in the password you believe it to me on a locked note there. This may also help:",
161261,153201,@AppleSupport Hi updated and restarted everything and still getting the same message?,device_troubleshooting,@AppleSupport DM us the current macOS version you are using and we can take a look at this.,161260.0
1956008,419637,"My phone heating up &amp; the battery drains so fast when i’m using siri, it’s just only a minute or two. Battery on 7+ is worse @AppleSupport",device_troubleshooting,@AppleSupport Thanks for reaching out! Let us help with your iPhone. DM us your exact iOS version. We’ll continue working there.,
2520735,717982,hey @AppleSupport i installed the latest ios update for my iphone 6 and now most apps crash or won’t open at all. help?,software_update,@AppleSupport We're happy to help. Let us know the exact version of iOS you're running on this phone via DM. We'll go from there.,
2689400,748077,"Can @AppleSupport @AppleSupport reach out so I️ ,and other @AppleSupport iphone users can get this bug fixed in an update. Am I️ the only one? I️ bet not",software_update,"@AppleSupport iOS 11.1.1 and 11.1.2 were recently released and it includes a fix for autocorrect issues. Be sure to back up your device prior to updating, and let us know if the issue persists afterwards. How to back up:",
848433,321625,@AppleSupport I know how it works. That “bit differently” is annoying. Why can’t you just fix it. Worst update. I never expected frm Apple 😡,software_update,@AppleSupport We welcome feedback about our products and services here:,848432.0
954530,346491,@AppleSupport I was forced to upgrade to the new ISO today &amp; now my batteries drain like never before???? So is this intentional by 🍎?,device_troubleshooting,@AppleSupport We'd like to help! Send us a DM with the device you are using and we will proceed from there.,
2972432,499894,@AppleSupport It started months ago with podcasts playing through my car. I have the 7+. It’s running the latest iOS 11.1.2,software_update,"@AppleSupport Got it. Is this happening only with certain apps, such as Podcasts and Mail, or more? Does a restart help at all?",2972436.0
1372457,241751,@AppleSupport This is not on my current phone. I'm trying to order a new one online,order_shipping_inquiry,@AppleSupport Thanks for the clarification. Are having any issues trying to order your iPhone online?,1372459.0
609547,264900,"@AppleSupport you see my phone is behaving strange, whn volume is mute in control Centre I can hear sound",device_troubleshooting,@AppleSupport We'd like to get this resolved for you. DM us and we'll take a closer look.,
1711362,518418,"Desde que actualice a IOS 11, tanto el teclado (para mensajes) como iMessage me andan pésimo, a alguien más le sucede ? @AppleSupport",software_update,@AppleSupport We offer support via Twitter in English. Get help in Spanish here: or join,
1178090,397070,@AppleSupport my iphone is completely useless. The latest iOS update is like shit. Fix it.,software_update,@AppleSupport @AppleSupport We want to help. Send us a DM and we'll go from there.,
2278633,662533,@AppleSupport 11.03 update stuck on update requested on IPhone 8 plus any ideas how to sort this out.,software_update,"@AppleSupport We can help update. Do you have a computer with iTunes installed, or a computer you can install iTunes on?",
460841,224481,@AppleSupport Desktops items Invisible on Mac. Found files &amp; folders using Find Any File. I set files &amp; folders Visible. Went to Apple store where hardware &amp; software checks were completely normal. I restarted &amp; Desktop files had become Invisible again. How can that happen?,device_troubleshooting,"@AppleSupport Hello. Thanks for allowing us to assist you. Can you tell us which software version is currently running on your computer? Also, how long have you experienced this issue?",
2341772,677370,.@AppleSupport SO frustrated with these updates / fixes. My battery fully drains 6 to 7 times a day now! Seems like I'm updating almost daily!,device_troubleshooting,@AppleSupport We'd love the chance to help you out with your battery. Please DM us so we can get more info about this.,
148273,149735,@AppleSupport No tried that a few times... it’s an audiobook but it’s just frozen in the title page,device_troubleshooting,@AppleSupport OK thanks for trying that. What version of the iOS software do you currently have installed on your device? You can find this in Settings &gt; General &gt; About. Please meet us in DM with this information and we will continue to work together.,148272.0
1679940,510857,@AppleSupport please fix the “l” bug. This is seriously annoying. #fixitplease #applesupport #appleglitch,software_update,@AppleSupport Here’s what you can do to work around the issue until it’s fixed in a future software update:,
1065221,371493,@AppleSupport I've turned it off now as it was overheating. I updated it 2 nights ago so it's now 11.0.3,device_troubleshooting,@AppleSupport We'd like to continue helping out. Please meet us in DM.,1065220.0
2734132,766321,@AppleSupport that was either a fluke or you were reading my tweet as I typed it and fixed the bug before I hit send. What amazing customer support.,software_update,@AppleSupport Thanks for reaching out and bringing this to our attention. We'd love to look into this with you so that this isn't the normal behavior. Do you see 'Piano' appear as an auto-correct pop-up option when typing 'piano'? Which iOS version are you running?,
1467767,460688,"@AppleSupport So 2 iCloud Drive accounts are ok, but 2 iCloud music libraries not? That doesn’t make sense.",account_apple_id,@AppleSupport We'd like to look into this further with you. Please DM us here:,1467766.0
936784,342073,"@AppleSupport Safari freezes sometimes, I used to reboot the iPhone 📱",device_troubleshooting,@AppleSupport Please meet us in DM and we can continue our chat there.,936783.0
2968970,346240,"@AppleSupport when I try to make an Apple ID I get a message saying “an error has occurred, please try again later”. I haven’t made an Apple ID in like months",account_apple_id,@AppleSupport Hey there! Please send us a DM and we will look into this with you. Thanks!,
1456555,458067,@AppleSupport my brand new iphone 8+ keeps restarting. it will work for a while then it will just randomly reboot a couple of times.,device_troubleshooting,@AppleSupport We're happy to help. Did this just start happening? Which iOS version do you have? Does it happen when using a certain app?,
301865,188019,@AppleSupport why has my battery life has degraded since iOS11 update. battery doesn’t last a day in ’low battery‘? #ios11update #frustrated,software_update,@AppleSupport We'd like to look at this with you. Which iPhone do you have?,
2310665,670149,@AppleSupport i was texting my friend on my phone and my phone screen went black instantly. music was still playing in the background but the screen just went black and i dont know what to do???,device_troubleshooting,@AppleSupport We've received your DM and look forward to working with you there.,
565000,252367,@AppleSupport my ipad mini keeps on showing black screen every 1 minute. What's happening apple?,device_troubleshooting,@AppleSupport We understand how important it is to have a reliable device. We recommend backing up your device and following the steps laid out in this article:,
489657,231620,"@AppleSupport I update my phone with the latest update &amp; now my contacts in my messages shows up as just the numbers, not as my contact I’ve had in my phone. Please fix this issue. It’s annoying.",software_update,"@AppleSupport Let's take a look and get your contacts back to normal! Which type of iPhone is this on? What troubleshooting, if any, have you tried thus far? For example, have you had a chance to power the device off and back on again as of yet?",
2142436,629934,@AppleSupport @AppleSupport FIX THE I️ BUG!!,software_update,@AppleSupport Here’s what you can do to work around the issue until it’s fixed in a future software update:,
2568197,217672,@AppleSupport my phone randomly senses touch at random spots on the screen (even when it’s completely dry) good thing you don’t care!,device_troubleshooting,@AppleSupport That is certainly not the experience we want you to have Which iPhone model do you own?,
1566784,483582,"@AppleSupport I have verified that portrait mode is not locked, but still having issues. YouTube, images, etc wont rotate when you expand them or turn it",account_apple_id,@AppleSupport Thank you for keeping us updated. Let us know if the additional steps in our support article helps:,1566783.0
550730,248298,@AppleSupport is Apple Pay Cash supposed to be available immediately after installing 11.2 or are we waiting for server availability? 🤷🏾‍♂️,software_update,"@AppleSupport Thank you for reaching out to us and good question! DM us your current country location, please. This will help us make sure we are providing accurate information.",
1852578,554414,I've literally deleted just about everything off my phone to get this update to run and it STILL keeps getting an error. @AppleSupport,software_update,@AppleSupport We can help. What type of error are you seeing on your iPhone?,
2484179,373982,@AppleSupport wtf?🤦🏼‍♂️ fucking iOS!,software_update,@AppleSupport Let's look into that. Send us a DM and we'll go from there.,
1718206,520248,@AppleSupport is the App Store down,billing_subscription,"@AppleSupport According to our system status link, everything is good: Anything we can help with?",
2949560,814562,@AppleSupport The music stops once the notification appears and I have to manually restart it. I am using a 6s with the 11.1.1 software.,device_troubleshooting,"@AppleSupport To confirm, does this only occur with Snapchat notifications? Or does it occur with other notifications as well? Let's dig into this deeper over DM:",2949561.0
1296857,423110,Since the new iOS update @AppleSupport my phones lock screen is just a background... any ideas?,software_update,@AppleSupport Let's look into that. DM us the country you're currently located in and we'll go from there.,
2551388,724813,"Update for @AppleSupport #iphone 11.0.3 is crap! My phone’s data turns off, things come on automatically I set to be off etc. Sort it out!",software_update,@AppleSupport That should not be happening. Let us know more about this in DM.,
2518231,717326,I didn’t pay all this money for this phone for it to mess up every other day @AppleSupport,billing_subscription,@AppleSupport We do not want that for you either. Can you tell us more about the issue that you're having? We'll do what we can to help.,
716081,291352,"@AppleSupport 49% battery, iOS 11.0.2",device_troubleshooting,@AppleSupport We're here to help. DM us so we can look into this further with you.,716082.0
1002957,357408,#iOS11.0.3 @AppleSupport This update is STILL full of bugs😡Apple music won’t work &amp;I’m paying $$$ For subscription. Please fix ASAP,software_update,@AppleSupport We'd be happy to look into what's going on. Can you tell us more about what's going on with Apple Music?,
2705001,759713,@AppleSupport The software update was actually the reason I’m seeing this glitch.,software_update,"@AppleSupport Are you seeing this in messages that you compose and send out yourself, or are you seeing them in messages posted and/or sent from other iOS device users? Meet us in a DM, we'll pick it up from there.",2705000.0
1227313,407911,@AppleSupport It seems to be a common problem with iOS11 and other devices with OSs “older” than the latest. Forums are packed with people having it.,software_update,@AppleSupport Got it. Let’s continue to look into this in DM:,1227314.0
2525474,719129,The latest update messed up my imessages 😭 @AppleSupport,software_update,"@AppleSupport We'd like some details to help. Are you unable to send iMessages, receive them or both? Also, are you getting an error message? Let us know in DM.",
2485749,710042,@AppleSupport ever since I️ updated my phone.. my volume is all out of whack. My speaker phone doesn’t work. As a loyal customer this is annoying!,device_troubleshooting,"@AppleSupport We'd love the chance to help with this. Just to make sure we're on the same page, under Settings &gt; General &gt; About, which software version is listed there? Also, are you able to hear any sounds from your speaker?",
617122,266414,"@AppleSupport When will the problem be solved, another update !!!!!؟؟؟",software_update,@AppleSupport We'd like to assist. Can you let us know what problem you are experiencing?,
2952413,815216,Tras la actualización de mi #iPhone6s a #iOS1112 se queda pegado el teclado cuando escribo en todas las aplicaciones y anda lento 👎🏼📱 Cómo vuelvo a la anterior 🙏🏼@AppleSupport @AppleSupport @AppleSupport @AppleSupport,software_update,@AppleSupport We offer support via Twitter in English. Get help in Spanish here: or join,
2408451,692550,"So @AppleSupport @AppleSupport, you wanna explain to me why my phone won’t charge every time I plug it in? Or is this just another one of your plots to get your customers to spend more of their money? 🤔",billing_subscription,@AppleSupport We'll do everything we can to help! Check out this article regarding issues with charging your device and then let us know what you discover:,
404675,211777,Disappointed with @AppleSupport sent iPhone off for repair as NFC chip is faulty. Comes back. 3rd clean install and still not working 😡,hardware_repair_warranty,@AppleSupport We’d like to see how we can help. Can you DM us some more details about the issue you're having,
2618335,739949,¿Soy la única que está jodida con la última actualización de #iOS? Tengo el #Iphone6s. ¡Menos mal que esta tarde voy a @AppleSupport y a ver qué solucionan! Tengo a mis fans desesperados por mi falta de comunicación 😂,software_update,@AppleSupport We offer support via Twitter in English. Get help in Spanish here: or join,
2002175,592030,@AppleSupport every time l type a capital “i” l get that weird thing at the bottom l have the new update as well,software_update,@AppleSupport Let's meet up in DM to look into this. Please provide us your device model and iOS version via this link:,
1041285,366274,this new iphone update is shit. my phone keeps freezing. @AppleSupport,software_update,@AppleSupport We're here to help you. DM us and tell us the exact version of iOS you're running on your iPhone.,
842495,320382,@AppleSupport Annoying the #iOS update 11.0.3 is draining the battery life faster than ever in iphone 7...,device_troubleshooting,@AppleSupport Let's get the battery issue straightened out for your phone. DM us to get started.,
1789096,537427,@AppleSupport a new iOS update comes out and now more than ever I cannot enjoy my AirPods as they randomly disconnect.,software_update,@AppleSupport Thanks for reaching out to us. We are always happy to help. Send us a DM so we can look into this together.,
2493780,711865,iSO 11.1.1 has turned my iPhone 6 into a piece of junk. batt % drops quickly. Recharge 5x daily now. Apps open so slow now. @AppleSupport,billing_subscription,"@AppleSupport Battery life is essential for the enjoyment of your iPhone; we'll do all we can to help. To start, let us know in DM if this issue began with iOS 11.1.1 or if it was present before the update:",
2296203,258320,"@AppleSupport , setting up iPhone X as new mobile under existing Apple ID. End result: Apple ID got locked out without at anytime mistyping password. Later forced to change password and naturally laptops, all devices need to have password changed as well. WHY?????",account_apple_id,"@AppleSupport We want to help with this Apple ID issue. Just to make sure we fully understand, are you having to change your Apple ID password each time or are you just needing to update your password?",
2333338,223942,"@AppleSupport iOS 11.0.3 is horrible on iPhone 6 Plus !! Touch most of the time unresponsive, all extremely slow - worst yet Apple!",device_troubleshooting,@AppleSupport We'd like to look into these issues with you. Please DM us and we'll have a look.,2333339.0
2406612,692122,@AppleSupport this is the second time that my phone crashes and wont work! how many times do #iPhone users have to suffer in order for you to fix this problem!! 😡,order_shipping_inquiry,@AppleSupport We'd like to help in any way that we can. Can you tell us a bit more about what's happening? What kind of iPhone do you have? What is your current iOS version?,
1197188,581524,@AppleSupport @AppleSupport It’s draining my iPhone and iPad like crazy. #apple#applebattery,device_troubleshooting,@AppleSupport Let’s team up to get this addressed. Could you let us know more details via a DM? We’ll move forward from there.,1197186.0
2750436,770037,Ummm. My iMac has been restarting for the last hour. Should I be worried??? @AppleSupport,device_troubleshooting,"@AppleSupport No need to worry. Let's work on getting this issue resolved and back to using your iMac again. To verify, are you updating your macOS version? This can cause restarts. If not, let us know what was happening to your Mac prior to this starting and we'll go from there.",
1132164,386783,@AppleSupport my iPhone SE has been crashing a lot on iOS 11 can y'all help me out,software_update,@AppleSupport Having your iPhone SE running its best is important. You've come to the right place! Is this issue happening in certain apps?,
508239,236692,"@AppleSupport It shuts off on its own, I have my screen lock on &amp; the screen is turning sideways on its own, it’ll shut down my apps, and it’ll lag while texting/typing. I have Verizon, unlimited data, the iPhone 7 Plus. I’ve had it 6 months and I haven’t done any damage to it. Not a scratch.",device_troubleshooting,"@AppleSupport We'd like to look further into these issues with you. Please meet us in DM, and let us know your current iOS software version.",508238.0
1342693,433148,@AppleSupport Earlier this week! 😭 it’s iOS 11.0,software_update,@AppleSupport Let's see if updating to the most current iOS 11.0.3 helps.,1342692.0
1762119,530205,@AppleSupport The battery is at 8% by 5:30pm and i disconnect it by 7:00am and i do not use it much throughout the day. Facebook uses the most.,device_troubleshooting,@AppleSupport OK the battery lasts 10 hours with no use. What percentage is Facebook using?,1762118.0
1770778,532326,@AppleSupport @AppleSupport why do my music and alarm apps keep crashing #ios11fail #abugslife,software_update,@AppleSupport Let's look into that. Send us a DM and we'll go from there.,
2835866,789352,"@AppleSupport i use iphone 6 plus and i was upgrade ios 11.1.2 and than my touch id is broken/failed! how to fix it, please! thank u",device_troubleshooting,"@AppleSupport Hey, Touch ID is a convenient feature. Let's work together to see what's going on with it. To help us understand better, what exactly happens when you try to use it? For example, are you unable to unlock your iPhone? Also, have you tried restarting your device?",
1831726,549596,"@AppleSupport Updated Iphone 7 to 11.0.3, screen turns black but is still responsive, and sometimes really really dim, have to hard reset..",device_troubleshooting,@AppleSupport We'd like to look into this with you. DM what apps or functions are in use when the screen goes dark to get started.,
199399,163005,@AppleSupport Backup and updated. Problem still persists. Got a video of the issue now.,software_update,@AppleSupport What troubleshooting steps have you tried so far? Let us know in DM so we don't ask you to repeat anything.,199398.0
2321165,672656,"@AppleSupport I have wifi assist off !! Its weird coz I have two phones and carry them both (iPhone8 and iPhoneX) , this issue is only on X. It only started after upgrading. Anyways, I ll monitor it more and respond back if problem persists.",device_troubleshooting,"@AppleSupport Definitely keep us in the loop, we're here for you.",2321164.0
35243,123677,@AppleSupport @AppleSupport @AppleSupport oh dear @AppleSupport still not co-oping with iCloud in ios11.1 really really poor show. #garageband,software_update,"@AppleSupport If you're still having troubles, be sure to follow up with our team that helps with GarageBand here:",35245.0
1443222,454864,"Holy god, I can’t access a pages doc that was created in ios10 on my iPad. It won’t open in 11. Sos help. #Apple #iOS11 #iOS10 @AppleSupport @AppleSupport",software_update,@AppleSupport This sounds like an issue best handled by our Pages specialists! You can reach them here:,
1405264,446699,#iOS11 made the alarm clock quieter. Volume all the way up yet the alarm is about 50% quieter almost slept in. @AppleSupport,software_update,@AppleSupport Let's get this sorted out. How are you adjusting the volume? Are you doing it from Settings or Control Center?,
599147,262109,the #iphonex is trash.. waited a month to get this on backorder and paid a shit ton and have been dealing with glitch after glitch.. @AppleSupport y’all are making me wanna just return this expensive junk already,order_shipping_inquiry,@AppleSupport We'd like to look into the issue you're experiencing. Send us a DM providing us details. We'll continue there.,
2063912,302342,@AppleSupport iOS 11.0.2. Battery life is an issue. Turning WiFi and Bluetooth automatically on when turned off is huge issue. 11.0.3 soon?!,device_troubleshooting,@AppleSupport We want to make sure your iPhone works the way you expect it to. Let's get paired up in DM to get started.,
1908995,568689,@AppleSupport why is my@AppleSupport running slower after the update🤔🤔🤔🤔🤔,software_update,"@AppleSupport When did you update to 11.0.3? Send us a DM and let us know the country you're in, as well.",
2731262,765665,@AppleSupport I’d really like if the battery on my 8 would charge up and not down :),billing_subscription,@AppleSupport We want to help. Restart your phone and test to see if the charging is not resolved. Let us know the results.,
2903676,804169,@AppleSupport @AppleSupport when I play a podcast it doesn’t show up on my control center or lock screen. Is there a fix for this?,device_troubleshooting,"@AppleSupport We want you to be able to enjoy your podcasts, and we'll do all we can to help. To start, let us know what type of iOS device and iOS version you're using. Also, when did you first notice this issue?",
1392446,410707,@AppleSupport post update to 11.0 version battery is draining very fast. Pl fix this bug,device_troubleshooting,@AppleSupport We can assist you. Please DM us via the following link and we'll help you from there with your battery.,
556203,249930,@AppleSupport ios11.1.2 crashes every 2 min with the spinning wheel!this is a shame...piece of shit! Please bring Steve Jobs seriously lol,software_update,@AppleSupport Thanks for bringing this issue to our attention. Follow the steps in this article and let us know how it goes. iPhone unexpectedly restarting:,
1649526,503858,@AppleSupport there’s a serious glitch on iOS 11.1! when typing the letter “I️” when is this going to be resolved,software_update,@AppleSupport Here’s what you can do to work around the issue until it’s fixed in a future software update:,
554882,249526,@AppleSupport iPhone 7+ software: 11.2,software_update,"@AppleSupport Let's start with the auto-correct issue. Try resetting your Keyboard dictionary. Settings &gt; General &gt; Reset &gt; Reset Keyboard. Then, once the reset is done, restart your iPhone. Let us know if this resolves the issue.",554881.0
2782052,776924,@AppleSupport well i updated it yesterday and i had to leave before it finished and when i got back this morning it was doing this. only doing it today so far,software_update,"@AppleSupport We have an excellent article here for when your Mac shows this type of kernel panic error: DM us if any of these steps help, or if you have any other questions from here:",2782051.0
2122474,625288,@AppleSupport When I use Siri to add a reminder why does it over write and update and existing reminder?,software_update,"@AppleSupport Hello Steven, we'd be happy to look into this with you. To begin, can you provide us which iOS version you're using?",
300108,187564,Apple you too have started working in haste ?🤔 @AppleSupport @AppleSupport IOS 11.0.2 is draining battery out,device_troubleshooting,@AppleSupport We're here to help. Let's take a look at what's going on with your iPhone's battery in DM.,
2053002,180815,@AppleSupport @AppleSupport I tried to update my phone but it won't even start back up.. it was fine before this... why.,software_update,"@AppleSupport Let’s work together on a solution. Does this screen with the Apple logo ever go away? DM us the answer, we'll continue there.",
1163211,393630,"@AppleSupport i can't download free apps or watch any tv shows I bought because there is ""a problem with my billing information""",billing_subscription,@AppleSupport Did you need assistance with correcting the information? DM us and we'll get you pointed in the right direction.,
1830052,549176,@AppleSupport my phone died and then went to charge it and now its going back and fourth between the apple logo and the dead battery . I don't know what to do,billing_subscription,@AppleSupport We'll be happy to do everything we can to get your iPhone turned back on. Have you tried charging with another charger? DM us:,
2889478,801132,See the bug? Is it 11:25 or 3:00? @AppleSupport @AppleSupport ... PST,software_update,@AppleSupport That should not be happening. We'd be happy to help. Which version of iOS are you using? You can check in Settings &gt; General &gt; About.,
1838235,551008,@AppleSupport can someone please tell me why my music has deleted itself and needs a WiFi connection despite being in aircraft mode?,device_troubleshooting,@AppleSupport We'll be happy to help. Which device is this happening on &amp; what version of OS is installed on it?,
252886,176096,"@AppleSupport Everything is right, but I get notifications sporadically. Sometimes I get a ding and it shows, other times nothing on the lock screen",device_troubleshooting,@AppleSupport Thank you for checking your settings for us. Have you had a chance to restart the iPhone since this issue began?,252885.0
356456,200636,@AppleSupport my iPhone 7plus has been jacked up ever since I updated to the new iOS. Is the update not really compatible with older models?,software_update,@AppleSupport That's not the experience we expect you to have. What's going on with your iPhone?,
1089913,377137,"@AppleSupport why, after turning off my WIFI again and again, does it go back on again? I’m turning it off for a reason.",device_troubleshooting,"@AppleSupport If you're using Control Center, that's expected behavior. Check out for how those functions work.",
2618380,132874,"@AppleSupport The sim was from the previous iPhone as i purchased my X sim free. Today has also been troublesome,it is like basically having a trouble with signal. In areas where I had full 4g it was flickering to 3G and on voice i have been told off most that I sound robot like until I move.",device_troubleshooting,@AppleSupport Got it. Reach out to us in DM and we will get this taken care of for you.,2618379.0
292933,185762,Battery drain iOS 11.0.2. @AppleSupport @AppleSupport,device_troubleshooting,@AppleSupport We'd like to hear more about what's going on. Please DM us.,
2024569,142822,Hey @AppleSupport were you actually planning on fixing the iOS 11 calculator or... 🤔 @AppleSupport @AppleSupport,software_update,"@AppleSupport We can definitely look into any issue you're experiencing. Send us a DM, and let us know which device you're using.",
375095,204943,"@AppleSupport Calls keep dropping, apps keep crashing. On an average, I’m required to do multiple resets",account_apple_id,@AppleSupport Understood. May we ask which apps are crashing? Let us know in DM.,375096.0
1242272,411413,@AppleSupport Sure doesn’t. I’m just tired of spending money on a product that’s not great on software and hardware. I was always #teamiphone not sure now,billing_subscription,@AppleSupport We completely understand your concerns. There's also more that we can look into together. Meet us in a DM to continue.,1242271.0
2311334,670325,Ugh!!! I’m tech challenged!! Does anyone know how to remove this new bar of apps that pops up on my messaging screens? 😑 @AppleSupport,device_troubleshooting,"@AppleSupport We're here for you. You can tap on the ""App icon"" to the left of iMessage to hide the shortcut bar. Give that a try.",
1391866,443724,@AppleSupport phishing mail this morning asking to change term and conditions else I'd would be locked out. Verify,account_apple_id,"@AppleSupport We've received your DM, and we'll continue working with you there.",
2712558,761552,@AppleSupport @AppleSupport plz fix my new iPhone X keep on getting error no sim installed #glitch #iphonexproblem,software_update,@AppleSupport We're here to help. Here's an article you can check out for this issue: Let us know if the issue persists.,
889103,331083,@AppleSupport Nope they don’t detect any Bluetooth enabled devices. My wife’s Samsung phone picks them up,device_troubleshooting,@AppleSupport What iOS version are they running? You can check under Settings &gt; General &gt; About.,889102.0
2741934,580922,"@AppleSupport i charged my phone last night at 9pm. I am struggling to get it to last till 6pm today. Not to mention i was asleep from 12-10:30am and in college from 1-4pm. This is clearly not right, are ye even gonna try and fix the issue?",billing_subscription,"@AppleSupport We're always ready to lend a hand. As we've already started troubleshooting in DM with you, let's continue in there. Please let us know the two details asked about in DM.",
2010675,594567,@AppleSupport your new update is drastically draining the battery on my 6S and gets glitching whenever I️ type certain things to look like the question mark box you get when looking at new emojis without the update. Really annoyed 😠,device_troubleshooting,@AppleSupport We're happy to work with you on this. Meet us in DM with your current iOS version from Settings &gt; General &gt; About.,
2499294,713101,.@AppleSupport Latest update on iPhone DID NOT Fix the “hey Siri” problem!!! @AppleSupport #ios11update,software_update,@AppleSupport Thanks for reaching out! Let us know what kind of issues you’re having with “Hey Siri” in DM. We’ll continue working with you there.,
2373181,167833,@AppleSupport In the money!! 💯,billing_subscription,"@AppleSupport Rest assured, we're here for you if you have any questions or find that the behavior persists after updating to iOS 11.1.1.",2373180.0
2759758,772206,Why the fuck my Bluetooth always turning on for @AppleSupport,device_troubleshooting,@AppleSupport Let's look into this together. Send us a DM.,
2193276,641884,@AppleSupport #AppleMaps are broken. Keep quitting. Even after the restart.,device_troubleshooting,"@AppleSupport We're here for you. Which software version are you using? To find out, go to Settings &gt; General &gt; About.",
2111452,622793,@AppleSupport Hi. Yes twice and the message still randomly appears. Also seems I’m niw having to charge my phone twice a day instead of only once?,billing_subscription,"@AppleSupport Do you know what version of the iOS is on the device? If not, you can check under Settings &gt; General &gt; About &gt; Version.",2111454.0
2237299,586442,"@AppleSupport But the point is that the app is trying to recover my stuff, it’ll pop up for like 2 seconds then it’ll go blank and freeze, so the issue is still unsolved",device_troubleshooting,@AppleSupport We'd like to gather some additional details from you. Please meet us in DM.,2237298.0
1227218,407890,@AppleSupport The latest 11.0.3 tried closing apps adjusting volume had to restart to make it stop eventually,device_troubleshooting,"@AppleSupport After restarting your iPhone, did it occur again? If yes, did anything show on its screen when it happened?",1227217.0
2229321,650575,@AppleSupport I have an open case with you for battery drainage on 7plus - am charging 4 Times a day and followed all instructions now no1 coming back?! #unacceptable,device_troubleshooting,@AppleSupport We know how important it is to have a working and reliable battery. We'd be happy to look this over with you. DM us more information about your existing case and we'll take a look,
2406672,405021,Why do y’all constantly change the codes every update and phone release so people have to buy new chargers? @AppleSupport @AppleSupport I need answers,billing_subscription,@AppleSupport We've responded to your DM. Please join us there.,
1203532,236949,@AppleSupport iOS 11.1 (15B92) still won’t download apps,software_update,"@AppleSupport Are you using iOS Beta 11.1? Let us know in a DM, and we'll look into this with you.",
1143515,389141,@AppleSupport Whyyy will itunes on my Mac not play the music videos in my library that aren't downloaded? It just sits on a black screen,device_troubleshooting,@AppleSupport We want you to be able to enjoy those videos when on your Mac. Are you an Apple Music subscriber? Have the videos worked before?,
283585,183554,"@AppleSupport When we press volume button pop up comes in middle of the screen for any video we play,iOS11 removed this right?",device_troubleshooting,@AppleSupport Send us a DM with the country that you are located in to continue.,283584.0
957211,347112,@AppleSupport Is there any way to disable these on iOS 11? It’s really easy to jump to the wrong thing with my thumb.,software_update,@AppleSupport Thank you for reaching out to us. Let's take a closer look at this. Please send us a DM to continue.,
849517,614401,@AppleSupport @AppleSupport @AppleSupport I haven't updated mine yet but it still does this. Started about a week ago :/,software_update,@AppleSupport Let’s take a closer look at this issue with you. DM us which version of iOS you’re currently running on the iPhone to proceed.,849516.0
2112828,623042,@AppleSupport my battery has been draining really fast and my@AppleSupport takes really long to charge,device_troubleshooting,"@AppleSupport Can you tell us which iPhone and version of software you're using? Also, when did this issue begin for you?",2112830.0
523828,241075,"@AppleSupport Hey guys, I am noticing a new autocorrect bug. Can you notify the correct teams to get it fixed? Typing ‘it’ autocorrects to I.T",software_update,"@AppleSupport We're glad you reached out about this. Meet us in DM, we'd like to take a closer look with you there.",
1595968,444293,Can i use any plug to adapt to my macbook charger? @AppleSupport,billing_subscription,@AppleSupport Our Sales Support team will be happy to answer any questions you may have. Reach them here:,
826643,316907,@AppleSupport Okay — I found the order number showing that I purchased the book. What now?,order_shipping_inquiry,"@AppleSupport If you’re signed in with the right Apple ID, let’s check to see if the purchase is hidden:",826642.0
1882518,561774,"Top status bar (wifi, clock, battery) is not rotating on rotation of iPad or is duplicating upon iPad rotation 2/2 @AppleSupport",device_troubleshooting,@AppleSupport This isn't the experience we would hope for you to have with your iPad Pro. Send us a DM and we'll get started on a solution.,
1986604,588059,"@AppleSupport I have a new iPhone 7 and since update my battery lasts 3 hours NOT BEING USED AT ALL. I have to go to android, it’s insane.",device_troubleshooting,@AppleSupport Have you tried these tips yet to see if it helps? We'd like to work with you to get this fixed.,
9254,468428,"@AppleSupport I just updated my phone and i’s not working!!! It just shows me the apple sign , how to fix it ??",software_update,@AppleSupport Let's meet up in DM and discuss it. We want to help.,9200.0
1905796,567886,@AppleSupport Current version iOS 11.0.3,software_update,@AppleSupport Thank you for that information. Does the iPhone see the heahhones when attempting to pair? DM us back.,1905795.0
2021933,597981,@AppleSupport are you guys working on a fix for this question-mark-in-a-box bug?,software_update,@AppleSupport Thanks for reaching out. We have a workaround for this here: DM us if you still need help.,
1476935,462925,What apple I barely have any charge anymore on my phone 😠 @AppleSupport @AppleSupport,billing_subscription,@AppleSupport We'd be happy to look into this. Which iOS version are you using?,
2451362,702461,@AppleSupport how come when I connect to a WiFi network a page doesn’t open to log in to that network when required. iOS 11; iPhone 7+,device_troubleshooting,@AppleSupport We'd like to help. DM us what iOS 11 version you're on.,
2329661,408920,@AppleSupport Horrible lag slow running apps random freezing etc etc all the problems that iOS 11 and following updates have caused,software_update,"@AppleSupport Thanks for the details. Meet us in DM to continue, please.",2329660.0
1626216,497969,@AppleSupport It’s when using the whole phone pretty much. The update slowed my 6S down slot,software_update,@AppleSupport What version of iOS are you running? You can find that by going to Settings &gt; General &gt; About on your iPhone. Let us know in DM.,1626215.0
2043507,604308,@AppleSupport I downloaded 11.0.2 and it still doesn’t work. There is no connection even when in perfect WiFi,device_troubleshooting,"@AppleSupport To ensure this concern gets the attention to detail needed, let's continue our support in DM. Join with the link below.",2043508.0
1552228,480288,@AppleSupport Still having #heat &amp; #battery drain problem on #ios111 while updating apps #iPhone6S @AppleSupport,device_troubleshooting,@AppleSupport Let's meet up in DM to discuss what you're observing to determine appropriate steps.,
388540,207933,@AppleSupport Is it a software issue?,software_update,@AppleSupport We'd definitely like to take a closer look in DM. What macOS is your computer currently running?,388539.0
1635721,500337,@AppleSupport could you please fix the i issue and also the lagging on this new IOS. it’s really infuriating.,device_troubleshooting,@AppleSupport Send us a DM and we'll take a closer look at this with you.,
2422455,695769,"@AppleSupport did the update last night to my iPhone, then it reset!! Can't remember my password (as it's always set to auto fill) and apple has old phone number and email address I don't have access to. Need help ASAP in Canada",account_apple_id,"@AppleSupport We want you to be able to use your iPhone after updating. In DM, please let know if you've tried the steps here to reset the password for your Apple ID:",
1907373,568294,@AppleSupport i changed my Apple ID on my phone and all my music that I had in Apple Music is gone :( helppp,account_apple_id,@AppleSupport Your music is important! Let us know which iOS version you’re running in DM so we can take a closer look at this with you.,
90661,135629,@AppleSupport new iOS turns bluetooth back on each time I power down and reboot my iPhone 6plus. Pretty annoying since turning it off helps battery life.,device_troubleshooting,@AppleSupport We're happy to help with your Bluetooth and Wi-Fi. With iOS 11 there were a few changes to how you can control your connections. Please check out for details.,
292383,185634,Cannot control #iPhone #AppleMusic from #AppleWatch #watchos4 #iOS11 @AppleSupport,software_update,@AppleSupport We're here for you. What happens when you attempt to control the music playback as shown here?,
2966657,818434,Surely this battery usage isn’t right? @AppleSupport,device_troubleshooting,"@AppleSupport No, that is not expected, so let’s take a look at that. Which iPhone are you using, and when did this start? Please reply in DM.",
2890758,801417,@AppleSupport can I undo the latest update??? Half my apps no longer work. The phone won't unlock on the first attempt and it's waaaayyyyyyy toooooooooo slllloooooowwwwwwwwwwwww,software_update,"@AppleSupport The latest update is iOS 11.1.2: While we don't support rolling back to an earlier iOS, we can troubleshoot with you. Send us a DM and let us know the iPhone you have and the country you're in.",
1451842,456918,If I have to buy another iPhone because @AppleSupport shitty ass update ruined it im buying a Samsung f it.,software_update,@AppleSupport Thanks for reaching out. DM us using the link below. We'd like some details to assist.,
35289,123691,@AppleSupport did update on 📱 n ⌚️ result? No more Twitter notifications😱 Yup mirrors my 📱 #itsalwayssomething,software_update,@AppleSupport We want to be sure you receive notifications as you'd expect. Let us know if this helps:,
2850823,792687,@AppleSupport It just keeps popping up with a message saying it needs to be connected to itunes. Would it need to be with the original apple ID i was using?,account_apple_id,@AppleSupport Send us a photo or screenshot of the message you're receiving in DM. You can DM us from this link:,2850824.0
748165,298849,why the fucc doesnt my phone connect to wifi @AppleSupport fix this,device_troubleshooting,@AppleSupport Let's help get this resolved. DM us what happens when you try to connect to Wi-Fi.,
1261231,415458,@AppleSupport I have an Apple Music account and songs downloaded but it won’t let me play them? Just takes me to the join Apple Music page?,account_apple_id,@AppleSupport Let's sort this out together. Have you checked to confirm you're logged into Apple Music on your device?,
2293090,170652,@AppleSupport I cant’t make payments on itunes,billing_subscription,"@AppleSupport For the best help with your iTunes account, we'll need to refer you here:",
1905951,567933,The battery drain of my #IPhone7 since the #iOS11 update is scandalous. It’s less than 50% its duration two months ago @AppleSupport @AppleSupport,device_troubleshooting,@AppleSupport Please DM and tell us what version of iOS 11 you see under Settings &gt; General &gt; About &gt; Version. We'll meet you there to help out.,
2355053,680397,"@AppleSupport It’s an MLH32N/A on the latest public release of High Sierra. I tried a restart, resetting the SMC and tapping the Touchbar a couple of times 😉",device_troubleshooting,@AppleSupport Is macOS 10.13.1 installed and are there any updates showing ready to download in your Mac's App Store &gt; Updates section? Have you tried testing for the same issue in another app or in macOS Recovery mode?,2355052.0
854601,162331,@AppleSupport I want to know whether my Mac stores Time Machine backups when I don't backup for periods of time??,order_shipping_inquiry,@AppleSupport We're here for you. Your Mac will store your Time Machine backups even if you're not creating them regularly.,
2689541,756156,"@AppleSupport Your Essentials Guide isn’t a web page, it’s a pop-up that appears shortly after installing iOS 11/using iPhone X.",software_update,@AppleSupport Thanks for clarifying. Please send us a DM so we may better assist you.,2689540.0
1117142,160166,@AppleSupport 11.0.3 bug — my apps flip to horizontal while I’m holding the phone vertically. Help!,software_update,"@AppleSupport We'd love to look into this. Send us over a DM with your iPhone model, we'll go from there.",
2429303,697439,@AppleSupport It’s on new messages also. I updated 2 days ago i believe and messages i received today display the symbols.,software_update,"@AppleSupport For messages you receive, it may be because the sender's device isn't updated. Are you sending out the symbols at all or do all of your texts look normal? Please let us know in DM.",2429302.0
1021700,361784,@AppleSupport why does my live Photo and flash automatically turn on itself in the camera app? I would like a permanent disable switch.,device_troubleshooting,"@AppleSupport That's a great question and we'll certainly take a look into this. To help us out, may we get the iOS version number?",
8420,117481,@AppleSupport Chat doesn’t seem to work in Germany. On the order page I cannot leave comments …,order_shipping_inquiry,"@AppleSupport If you are unable to access these resources, let's get you connected with our local AppleCare Support team to get you to our Online Support group:",8421.0
2172781,637171,@AppleSupport can you please tell me why my 7+ almost burned a hole in my pants and why my flashlight or camera doesn’t work now.,device_troubleshooting,@AppleSupport We can look into this with you. Let us know which version of iOS you're using via DM to get started.,
1581418,486833,@AppleSupport AirPods constantly cutting out after updating to iOS 11.1,software_update,@AppleSupport That is certainly not the experience we want you to have. Let's continue in DM.,
1805197,376991,"@AppleSupport 2 times chatting with y’all and still can’t fix my battery problems, updated to 11.0.3 and it is way worse hope you can fix it",device_troubleshooting,@AppleSupport That's not the experience we want you to have. We'll be happy to see how we can help. DM us to get started.,
38246,124310,@AppleSupport new update 11.0.3 has made my cell slow like samsung. The main reason me buying apple was a hope that it doesnt hang! 😐,software_update,"@AppleSupport We can help. We’ve released iOS 11.1. Let’s make sure you have a backup, and update your iPhone:",
553481,249085,"@AppleSupport Hi, my i6 battery that I replaced in June is once again used … help ?",device_troubleshooting,"@AppleSupport We want to do all we can to find a solution to your battery issues. Please meet us in DM with more details of the issue, so we may assist.",
284458,183751,"@AppleSupport my phone won’t even charge over 60% overnight, it dies at 15% and my phone is incredibly slow so pls sort ur shit out before I switch to samsung",billing_subscription,@AppleSupport We can work together to see what's going on with your iPhone. Send us a DM and we'll go from there.,
753585,300100,"@AppleSupport App. Didn’t have these issues until the new update. Was hoping the updates you sent out after the original would fix them, but didn’t.",software_update,"@AppleSupport Thanks for these details. We've just released iOS 11.0.3, and advise that you try it out:",753581.0
2056148,608080,"iOS 11 updates causing anxiety...speaker phone issues, bluetooth not syncing... come on now @AppleSupport @AppleSupport",device_troubleshooting,@AppleSupport What sort of issues? Does it connect to any Bluetooth device? DM us more details and we'll dive in to get them sorted together!,
1026612,362916,@AppleSupport IOS 11 seems to make my iPhone 6 run really slow and uses my battery up. Seems to be some bugs too. Please help. I’m on 11.02,software_update,@AppleSupport We know how vital your battery is. Please check out this article:,
1215572,405237,@AppleSupport iPhone 6Plus #iOS 11.0.2 (screenshot of the webpage and iBooks app),device_troubleshooting,@AppleSupport Are you able to duplicate this issue by saving another web page as a PDF in iBooks and trying to open it?,1215571.0
1201986,402412,Are @AppleSupport TV 4 remotes repairable? @AppleSupport,hardware_repair_warranty,@AppleSupport Thanks for reaching out. Out Apple TV Support Team are able to assist you here:,
2805211,782204,"@AppleSupport. Rebooting phone took me from 35% to 57%. Odd that I can drop from 65% to 35% in 20 minutes, then gain 22% after plugging in just to get the phone to boot again. The support chat from the other night showed no hardware issues.",hardware_repair_warranty,"@AppleSupport Thanks for that information. Were you able to review the article on optimizing your battery life and make any changes? Also, did you run any diagnostics on your previous interaction with us?",
1329236,313625,want to buy an iPhone outright off @AppleSupport app would I need to purchase simfree to be unlocked or thru my carrier &amp;wait 40 days @AppleSupport,account_apple_id,"@AppleSupport We'll point you in the right direction. For sales questions, get with Apple Online Store Support:",
1147920,390153,@AppleSupport how come when you turn your wifi off from the control center it doesn’t stay off? i hate having it connect at random times.,device_troubleshooting,"@AppleSupport We can shed some light on that topic for you, with this article:",
2047974,605654,"This update has made my phone so clunky and slow.. it’s almost unusable!! WTH @AppleSupport apps are so slow, other apps not even compatible",software_update,@AppleSupport We'd like to look into this with you. Let us know which device and the version of iOS you're using in DM. We'll go from there.,
2753642,464215,@AppleSupport 33% battery drained for just half an hour while playing music come on @AppleSupport #ios1112 #ios11,device_troubleshooting,@AppleSupport We'd be happy to look into this with you. Send us a DM to get started.,
739821,296927,@AppleSupport @AppleSupport this is my lock screen after the update ? What do I do ?,device_troubleshooting,@AppleSupport Which iPhone model is affected? Has the device been restarted? Does this occur with all notifications?,
2076320,614075,@AppleSupport why does my iphone6s have so bad battery life. I need to charge it like four times in a day.,billing_subscription,@AppleSupport We'd be happy to look into the battery life with you. DM us the exact iOS version and we'll work together from there.,
1193000,400323,@AppleSupport Never mind. That didn’t work. It’s been sitting with no case on the wireless charger for 5 minutes and counting and still not locked,billing_subscription,"@AppleSupport Is the iPhone connected to a wall outlet or a computer right now? DM us back, we'll dive further into this there.",1192999.0
1087424,376524,So @AppleSupport my phone has been 100% slower since the update. I’m not a huge fan of that,software_update,@AppleSupport We understand and want to help. Have you updated the applications on the device as well? DM us.,
2152223,632436,@AppleSupport I️ haven’t updated to 11.1 and I’m still getting ? for my I️. Ideas?,software_update,@AppleSupport Here’s what you can do to work around the issue until it’s fixed in a future software update:,
2834446,789027,@AppleSupport Hi.I can't sign in to facetime and imessage with my apple id on my macbook and my iphone.I need some help.please.Thank you,account_apple_id,@AppleSupport Thanks for reaching out. We'd be happy to help. Please join us in DM to so we continue assisting.,
2578659,731058,@AppleSupport Backed up all files on iCloud before erasing all content for a software issue and the issue is gone but my files haven’t came back from the backup :/,software_update,@AppleSupport What sort of files are missing? Were they stored in iCloud Drive?,2578658.0
501506,234820,"@AppleSupport Wait it’s not any apps, it reset itself earlier when I wasn’t even touching it..",device_troubleshooting,@AppleSupport Thanks for the clarification. We'd like to look into some options from here. Can you DM us the country you're currently located in?,501505.0
656247,276126,Made me update the software on my MacBook Pro and now it keeps crashing wtf @AppleSupport,software_update,"@AppleSupport We want to help, as that's not the experience we want for you. When you power up your device, does it boot to the user screen or is something else happening?",
963246,348589,@AppleSupport iPhone 7 having crazy battery problems as well as connectivity issues since iOS update. What do I do?,software_update,@AppleSupport Let's look into that. Send us a DM and we'll go from there.,
689298,284706,hate. hate. hate ios 11. @AppleSupport MY DANG BATTERY DIES FASTER. please fix it smh.,device_troubleshooting,@AppleSupport Battery life is very important. We'd love to assist you with yours. Click here to join us in DM and provide us with the software version that is currently running on your phone:,
1932744,575137,@AppleSupport new update 11.0.3 sucks with iPhone 8 plus. No Bluetooth connection. Fix it!!,device_troubleshooting,@AppleSupport We'd like to know more about what's happening to see how we can help. DM us with the details.,
755750,300638,"@AppleSupport trying to download an app BBEdit on my MacBook Air and keep getting (screen shot example) asking me to enter a code, where?",device_troubleshooting,@AppleSupport We're happy to help with this. When you get this code are you also seeing a password field on your MacBook Air?,
721233,292647,"@AppleSupport the last update of IOS 11 consumes the battery like crazy unlike the the older one, what shall i do?",software_update,@AppleSupport Let's look into that. Send us a DM and we'll go from there.,
487907,231130,@AppleSupport Never mind. I restarted my watch and it showed up.,device_troubleshooting,"@AppleSupport Awesome, even better when they come in before the 9 days! Feel free to reach out if we can be of any further assistance. Our office hours are 7 days a week, from 5AM - 8PM PDT. If you contact us after business hours, rest assured we'll respond the following day.",487908.0
859187,324003,Ho installato aggiornamenti 11.0.1 11.0.2. Ho problemi con chiamate verso il mio cellulare. E batteria che si scarica @AppleSupport 11.0.1,software_update,@AppleSupport We offer support via Twitter in English. Contact us for help in your preferred language here:,
2903675,804169,@AppleSupport I have an iPhone 6s. I noticed it with the iOS 11 update. I now have iOS 11.1.2,software_update,"@AppleSupport Thank you. We’d like to look further into this with you. To start, please send us a DM.",2903674.0
2838696,790013,"wtf has happened to @AppleSupport customer service. had the rudest colleague today who told me he was doing me a ""favour"" by replacing my faulty hardware phone and walked away without saying bye. do i move to android? hmm",hardware_repair_warranty,@AppleSupport Thanks for bringing this to our attention. Please DM us via the following link with any details you can provide including the store location.,
2305939,458848,"Texts not working, phone telling me I don’t have FaceTime set up, call log keeps disappearing. If y’all are going to do all of this, you need to expedite my iPhone X order. @AppleSupport @AppleSupport",order_shipping_inquiry,@AppleSupport We know how important it is to have your iPhone run smoothly. We can help. What version of iOS is on this device? Go to Settings &gt; General &gt; About to get that information.,
110857,140656,@AppleSupport Is it still possible to install IOS 10.3.3 on iPhone 6s?,software_update,@AppleSupport You should be able to update your iPhone to the latest version of iOS 11 actually. Find out more online here: DM us if you have any questions.,
1375800,440258,"@AppleSupport Yep, it was there. I fix it by restoring from a backup and running update again.",software_update,@AppleSupport Thank you for the update. We're glad to hear it's working properly now. Contact us again if you need further assistance.,1375799.0
384027,206961,@AppleSupport On top of that cant even hear when people call me ??????? Have to restart my phone all the time!!!! Nothing has ever happened to my phone,device_troubleshooting,@AppleSupport That’s not what we’d like to hear. Let us know more about what’s changed since the update via DM and we’ll start there.,384028.0
2286764,664435,Updated iPad and pages and my documents are back! Yay! @AppleSupport,software_update,@AppleSupport We are glad it is back to normal for you. Let us know if you need anything else.,
11101,118095,"@AppleSupport @AppleSupport music and podcast “skip” around like a CD, then distorts and clears up in few seconds, only happens after iOS 11",software_update,"@AppleSupport We're here to help. Did this happen after a specific update, or just recently? Thanks!",
982089,352854,@AppleSupport your software updates have made my 5S even worse (didnt think it was possible),software_update,@AppleSupport We’d like to help get your iPhone working better. Can you start by letting us know more via DM?,
2454558,703140,"@AppleSupport You allow fraudulent charges to be made on my account and when I try to report it, I get this:",billing_subscription,@AppleSupport We may be able to help or get you pointed in the right direction here on Twitter. Send us a DM and tell us about the charges. We'll start there.,
2502088,696965,@AppleSupport I've DM'd you guys for help with my screen being non-responsive and having to do multiple hard reset to get it back up and going and no one got back with me. Still waiting on help with that.....,device_troubleshooting,@AppleSupport We certainly want to continue helping. We have received your DM and will be responding there momentarily.,2502087.0
2120206,624757,@AppleSupport @AppleSupport Depuis que j’ai quitté l’IOS 10 pour la 11 je peux à peine me servir de mon téléphone! 😡 IOS 11.1 c’est de la 💩 aussi!,software_update,@AppleSupport We offer support via Twitter in English. Contact us for help in your preferred language here:,
2774414,775369,"En faisait la mise à jour MacOS, j'ai perdu Final Cut Pro :-) je fais comment maintenant les gars @AppleSupport",software_update,@AppleSupport We offer support via Twitter in English. Contact us for help in your preferred language here:,
483257,229949,"@AppleSupport I backed it up, update it and same thing happened again",software_update,@AppleSupport We really appreciate you giving that a try. Let's move over to DM so we can work on this further.,483256.0
2379292,686125,"@AppleSupport Thanks, but I have many if not all of these tips integrated into my iPhone. With minimal usage the battery is significantly dropping. :(",device_troubleshooting,@AppleSupport Send us a DM and we'll have a closer look at this together.,2379291.0
2783257,563334,Question: @AppleSupport can you find icloud account with the imei number?,account_apple_id,@AppleSupport We can assist you. Please DM us with additional details regarding your concern with your iCloud account and we'll help you further. You can do so via the following link.,
1961559,581723,@AppleSupport iPhone 7splus iOS 11.0.3,software_update,"@AppleSupport Based on the following link, are you getting a temperature alert? Send us a DM here:",1961560.0
48017,126738,@AppleSupport and about battery i think it good with low mode and sometimes i found some lags on opining keyboard search on home screen i know it will fixed with other update but please help us fast thx for understanding,device_troubleshooting,@AppleSupport We'd like to look into these lags with you. Please send us a DM to get started.,48018.0
240338,173082,@AppleSupport My iPhone SE is on iOS 11.0.2 and I am connected to wifi but this pop up showed up.,device_troubleshooting,"@AppleSupport We'd love to help you fix this problem! Have you tried turning off Wi-Fi, and turning it on again? Have you also tried restarting?",
333225,195368,@AppleSupport since doing my update the camera doesn’t work and neither does sound on phone calls,device_troubleshooting,@AppleSupport We want to help. Which iPhone model do you own?,
428698,216963,Dearest @AppleSupport — after downloading the iOS update and the 2nd update I now cant hear people when they phone me - great job 👍🏼,software_update,"@AppleSupport We'll make sure to get this straightened out. DM us, and we'll see you there.",
512520,237871,"@AppleSupport how can I disconnect an Apple Watch from a broken phone, without unlocking my watch because the Digital Crown is broken?",hardware_repair_warranty,"@AppleSupport We're here for you, and dedicated to doing our best to assist. We can help with the Digital Crown as well! Meet us in DM where we can learn more about your Apple Watch, and explore options with you.",
1385522,442420,"@AppleSupport I have downloaded new software update. Just opened snapchat and my iPhone jumped from 73% to 20% :( as soon as I plugged it in to charge, it jumped straight up again :/",software_update,"@AppleSupport Let's help get this sorted. Since updating, have you had a chance to restart the device and update your apps? If not, please do so and let us know if the behavior occurs again.",1385521.0
2313519,670873,@AppleSupport this update has made my phone go crazy and do it’s own thing🙄🙄🙄🙄,software_update,@AppleSupport We're here for you. Send us a DM with the details of any issue you're experiencing and we'll continue from there.,
97095,137197,"@AppleSupport Hello, I still have that icons disappear bug after the update. Once I log out and Log back on it's back. Just wondering, Is that a known issue or just Me?",software_update,"@AppleSupport Happy to help. Verify for us what macOS you are running there? Also, does this issue remain after restarting the computer? For the icons that are disappearing are they specific to certain apps?",97094.0
2641743,745487,"@AppleSupport Whit #iOS11 touch id not working say ""Failed Unable to complete Touch ID setup pleasego back and try again""",device_troubleshooting,@AppleSupport We'd like to take a further look into this issue. Send us a DM.,2641742.0
193616,161522,"@AppleSupport iPhone 6s, iOS 11.0",software_update,@AppleSupport Thank you for that information. Split View in iOS is only available for iPad models:,193617.0
822692,315969,@AppleSupport @AppleSupport @AppleSupport #Ios11 why does my WiFi keep Turing Back On after I’ve turn it completely off!? Come on Apple,device_troubleshooting,@AppleSupport We can go over some information to about that. Let's move over to DM so we can have a chat.,
1062203,370798,@AppleSupport I know tips and tricks. But this problem started only after 11.0.3 Maybe I ll try to downgrade iOS ?,software_update,@AppleSupport We can work together to troubleshoot the issue. DM us.,1062202.0
2070496,612319,"IOS 11 is a big shit. I want go back to IOS 10.3.3. I can't use my iphone 6, it have bug and freeze @AppleSupport @AppleSupport",software_update,"@AppleSupport We want you to be able to use and enjoy your iPhone, and we'd like to help. DM us with the country where you're located to start.",
1998089,590798,@AppleSupport how long does it typically take for an iPhone repair?,hardware_repair_warranty,"@AppleSupport Great question! Please check out our iPhone Service Center Answers, it'll have the info you need:",
2050310,606321,@AppleSupport your new update messed with me and my bro’s podcasts @AppleSupport please help in our time of need,software_update,@AppleSupport We can help get things back on track. Could you join us in DM with more details of what you're seeing?,
300088,187559,@AppleSupport since updating to the newest update my WiFi turns its self off WHY?? Every time I update there is a problem 😡😡😡,device_troubleshooting,@AppleSupport Let's look into that. Send us a DM and we'll go from there.,
161293,153210,re my apple id - I've completed the process that took over a month on your end and it still won't let me recover my id - instead it's sending the password to the iPhone which I have reported as stolen over a year ago. Obviously problematic. Help? @AppleSupport,account_apple_id,@AppleSupport We're here to assist. We take your account security very seriously. We would recommend to reach out to our Account Security team to sort this out. You can reach them at: They have all the tools in order to get this resolved. Thank you!,
1889284,563417,@AppleSupport what the heck is wrong with your software team!! Phone lags and hangs every now and then. Hard reset is only option left,device_troubleshooting,@AppleSupport We'd like to provide you some assistance. When are you noticing this behavior most? Which iOS version is installed?,
766824,303261,"@AppleSupport @AppleSupport your iOS 11.0.2 update is shocking. Apps just crash , volume pop ups don’t show, in call loudspeaker toggle not working",software_update,@AppleSupport We'd like to help. Let's take this to DM and we'll explore ways to provide you assistance.,
1961561,581723,@AppleSupport @AppleSupport why won’t my phone charge past 1% and it keeps over heating for no reason it was fine couple weeks ago 🙄,billing_subscription,@AppleSupport These concerns with heating and power can surely get looked into. What's the device model and iOS version?,
2477694,708187,"So not only is my battery running down faster than @AppleSupport, it now keeps muting!! Will @AppleSupport ever get these issues fixed???",device_troubleshooting,@AppleSupport We'd be happy to help you with this. Please reach out to us via DM and we'll get started.,
612917,664180,@AppleSupport I’m still seeing those boxes. What should beta users do? When is the next beta coming out?,software_update,"@AppleSupport Thanks for contacting us. Let's look into that. Are you seeing the boxes when you try to type, or are you only seeing that appear in messages or posts from other users?",612853.0
1508047,245529,@AppleSupport AND MY BANK CHARGED TRANSFER FEES SO I HAVE LITERALLY $3 IN MY ACCOUNT NOW WHAT IN THE HELL @AppleSupport @AppleSupport !!!!!!!!!!!!,billing_subscription,"@AppleSupport If you have unauthorized charges, we're happy to look into it with you. Go ahead and contact us here:",1508048.0
1654556,504975,@AppleSupport Yes. macOS Sierra 10.12.5,software_update,"@AppleSupport Thank you. Let's reset SMC: If issue continues, DM us by clicking on the link below.",1654555.0
2573896,729913,@AppleSupport Texting specifically; it freezes when I hit the next line of my conversation,device_troubleshooting,@AppleSupport We’re here to help. DM us which iPhone model you are using and we’ll do our best to assist you.,2573895.0
2771858,774803,"@AppleSupport Please note that I have also lost numbers that were saved in my note pad app which were crucial to me such as WiFi access, modem reset pins, bank accounts etc. Kindly assist urgently. Regards Thabo, from South Africa (2)",account_apple_id,@AppleSupport We know how important it is to have your data on your iPhone. You’ve come to the right place. Let us know what happens after following these steps to restart:,
2592240,734144,"@AppleSupport @AppleSupport Solved it. Made a Win10 boot disk with instructions from the link below, and used Repair &amp; System Restore to back out the broken driver update. #Bootcamp should offer the option to create a bootable USB so you can repair Windows installs!",hardware_repair_warranty,@AppleSupport We're glad to hear the issue is resolved! Feel free to reach back out if you need any more help in the future.,2592241.0
2728093,320279,"@AppleSupport I’m on iOS 11.2 beta 4, even though I’m running beta it has nothing to do with it, I’ve been experiencing this since iOS 10.",software_update,@AppleSupport Thanks for letting us know. Please DM us and we'll continue this conversation there.,2728092.0
2645659,377053,"@AppleSupport @AppleSupport listen here my phone had been a MESS ever since the last two updates and something needs to be done. My phone is randomly restarting, the keyboard is jumpy, apps are crashing and my battery is draining way too fast.",device_troubleshooting,"@AppleSupport This isn't the experience we expect to have with our iPhones, so let's look into this together. Which iPhone and iOS version are you using currently? Let us know in DM.",
15712,119456,"Hey @AppleSupport, what is going on with the “I️” key in iOS 11.1. When you press it, it defaults to a weird character and skips spaces.",software_update,@AppleSupport Let's look into this for you. Send us a DM and we can check on available options.,
1853245,554561,@AppleSupport @AppleSupport Same here Apple!! Apps are freezing! Phone lags! Wth,device_troubleshooting,@AppleSupport We'd like to help. Please DM us with more details and we'll get started.,1853244.0
2055093,607802,@AppleSupport #ForTheLoveOfMyMother I’m suffering here! 3 updates later &amp; my phone is so darn slow! Please fix this! Check software updates,software_update,@AppleSupport We'd be happy to help. Send us a DM with a few more details and we can started.,
1682435,511451,"@AppleSupport Yep. In settings, the wifi is on but says not connected. I have to toggle it on and off 2-3 times before it allows me to be connected again.",device_troubleshooting,@AppleSupport Does this happen with any Wi-Fi network the iPhone 7 is connected to? When did you start noticing the Wi-Fi disconnecting?,1682434.0
143555,148436,@AppleSupport why is the 6s having a glitch issue with the WiFi on iOS 11.1.2 ? Can’t connect at all,device_troubleshooting,@AppleSupport That is certainly not the experience we want you to have. Let's continue in DM.,
903286,334442,@AppleSupport any answer to this internally combusting 5C battery which has led to me having to buy a new one as screen exploded?! #uk,device_troubleshooting,@AppleSupport We’d like to understand more about this situation. Please DM us some details and we’ll take it from there.,
2024660,598754,"@AppleSupport , #iPhone 7plus is running out of battery after 4 hrs due 2 camera app. Wasn’t happening till last iOS update. Any fixes? Thx",device_troubleshooting,@AppleSupport We'd love to look into this further with you. Please DM us with the specific iOS update you're using and let's dig in.,
598143,261185,@AppleSupport Yes when the Apps have been updated for 11.2 if not can’t run them. When I last checked my list of Apps there are still quite a few needing to be updated.,software_update,"@AppleSupport Did you double check if any app updates were available under the App Store &gt; Updates tab? If you see no updates, then the developers of the apps would need to release their updates to make it compatible with iOS 11.2.",
2436432,543113,"@AppleSupport I can open App Store, when I click download it just cycles and doesn’t prompt Touch ID to download etc. It never starts downloading.",billing_subscription,@AppleSupport Got it. Tell us which country you're located in DM please.,2436431.0
2946991,804897,"My @AppleSupport iPhone X saga continues. I'm currently back to the iPhone 6 Apps don't download to the new phone so couldn't use Uber\Slack and other 'urgent' ones. Killed App Store and rebooted the device several times, no help. @AppleSupport, anyone else, ideas?",billing_subscription,@AppleSupport We're happy to look into this with you so that you can enjoy your iPhone X. When you try to download your apps does anything happen? Do you receive any error messages?,
51668,127604,@AppleSupport I did a soft reset and it came back decent,account_apple_id,"@AppleSupport When you say decent, does that mean the issue is resolved or are you still experiencing slowness or sluggishness?",51671.0
4877,116855,@AppleSupport Restarting does resolve the issue. Thanks.,device_troubleshooting,@AppleSupport We're glad to hear that resolved the issue. Don't hesitate to reach out to us if you have any questions. Take care.,4878.0
1670650,508565,eu atualizei o iOS 11.1 e não apareceu os emojis novos oq tá acontecendooooo ajuda @AppleSupport,software_update,"@AppleSupport Since our Twitter support is available in English, get help at or join",
1646762,503165,@AppleSupport thank u to your employee who left me with a completely wiped phone and with it even more broken then it was to start with!,hardware_repair_warranty,@AppleSupport We are here to help whenever possible. DM us which iPhone you are using to get started.,
2784653,777514,@AppleSupport what do I do if I tired to update my MacBook Pro and it restarted and keeps restarting over and over again? 🙄🤔,device_troubleshooting,"@AppleSupport We'd be happy to help. Check out the steps in this link and if you still need support, send us a DM:",
450353,221753,@AppleSupport please tell me you’re working on an iOS fix for red eye pictures with the iPhone X?! All this money on the best smart phone camera and getting red eye in pictures. I’m not particularly happy,billing_subscription,@AppleSupport We'd like to get you in touch with our Photos group as they'd have more tools and resources to further troubleshoot this with you:,
2298925,667300,"@AppleSupport iPhone 6s Plus. And when the IOS 11.1.1 released like 2 days ago , I updated it and nothing didn’t fix about the situation with the letter “I”",software_update,@AppleSupport Let's take this to DM so we can better assist you.,2298924.0
1708531,475470,@AppleSupport Fix iOS 11.1. The keyboard issue.,software_update,"@AppleSupport Give us some details on what you’re noticing with the keyboard, and we’ll partner with you to work towards a resolution.",1708530.0
1956375,580598,@AppleSupport hello since I updated to IOS 11.0.3 my IPhone 6S can’t connect to GPS. Apps like waze and uber don’t work. Can you help?,software_update,@AppleSupport We'd like to help get your GPS working right for all apps. Any steps tried so far? Does the issue remain in the Maps app?,
2366153,683058,"@AppleSupport It’s updated to iOS 11.1.1 and all the apps are crashing, not one in particular, thanks for getting back to me",software_update,@AppleSupport Thanks for those details. Let's move to DM to gather more information. Would you provide us with the iPhone model you're currently using? Have you checked the App Store for any updates?,2366154.0
1808697,532456,"@AppleSupport Since downloading the latest update, my GPS hasn’t been working right. Navigation, games etc... Suggestions? Thanks!",software_update,@AppleSupport Let's get your iPhone moving in the right direction. First follow these steps: Still happening? DM us.,
1337306,431928,@AppleSupport after I hit the checkout button I got this Cit One message about not knowing if I'm approved. Is my phone preordered or not?,order_shipping_inquiry,@AppleSupport Our Sales Support team can best assist and can be contacted from here:,
566820,252895,@AppleSupport whn mobile data frm cntrl centre is it gets off in main optn too but y not the same with wifi it z draining my battery,device_troubleshooting,@AppleSupport We understand you concerns about Wi-Fi and battery drain. You can see how to disable the Wi-Fi here:,
2054762,607702,@AppleSupport this new iOS 11 is draining my battery been out the house for an hour and I’m on 4% this need to be sorted cause it’s not on 😡,device_troubleshooting,@AppleSupport We're happy to look into your battery concerns. Let us know in DM which model iPhone you're using &amp; the iOS 11 version.,
484442,230276,#ios1112 @AppleSupport,software_update,@AppleSupport Hi there. Let's get that update installed. Please visit us here to resolve this error: Let us know in DM if you have any trouble:,
1774699,533333,also why does ios make all my “i’s” ! and a question mark @AppleSupport answers plz 😤,software_update,@AppleSupport Here’s what you can do to work around the issue until it’s fixed in a future software update:,
2552506,725026,"@AppleSupport Very unhappy with the experience after the ios 11 update. Phone's getting stuck, screen rotate not working at times, keypad not working while adding calls :( iphone never used to give surprises like these in the past!",software_update,@AppleSupport Let's look into this together. Send us a DM by clicking on the link below. We'll continue there.,
2350834,444707,@AppleSupport can’t load my mac up after an update from Apple store? Any ideas please,software_update,@AppleSupport We're here to help. Let's take this to DM so we can better assist you.,
110912,140672,Dear @AppleSupport: I love GarageBand iOS. Use it every day. But since the update it crashes every time I hit undo. That’s hours of work sometimes. Please fix!,software_update,@AppleSupport Hey there. We want you to be able to use the GarageBand app without issues. We're happy to help. Could you tell us which version of iOS you're running? Find that under Settings &gt; General &gt; About.,
514731,238523,"@AppleSupport My iPhone 6 with iOS 11.1.2 keeps restarting within seconds, why?",device_troubleshooting,"@AppleSupport We want you to be able to enjoy your iPhone, and we'll do all we can to help. To get started, describe for us in DM when this all started:",
1795180,539444,"@AppleSupport ever since I updated,I can't connect to wifi automatically. I have to restart my phone when I need to connect to wifi. Help!",device_troubleshooting,"@AppleSupport That's a connection we want you to have. If you attempt to connect manually, what happens? You can send us a DM.",
955071,346602,@AppleSupport my iPhone 8 plus is lagging going black after five days and I’m disappointed help,device_troubleshooting,"@AppleSupport We want you to enjoy your new iPhone. Tell us which version of iOS 11 it’s on, and we’ll do everything we can to help out.",
2403612,691426,"ever since i updated my iPhone 6 to iOS 11, my phone has been freezing at least 5 times a day and at least crashes once a day. thanks @AppleSupport @AppleSupport",software_update,"@AppleSupport That's not normal and we can help. Do you know what version of the iOS is on the device? If not, you can check under Settings &gt; General &gt; About &gt; Version. Are you seeing this issue with any specific apps or usage?",
448402,221228,@AppleSupport Still no response from you! Since I’ve updated to iOS 11 I can not connect to unsecured networks. It’s a know issue. What are you doing to fix it? Tried on my friends phone(not updated) and was able to connect. Tried on mine and still nothing. Proof it’s the update!,software_update,@AppleSupport Thank you for reaching out. We're happy to look into this issue with you. Join up with us in DM; we'll continue from there.,
168813,716761,@AppleSupport My Iphone is disabled and I've tried everything on the internet to fix it. I erased it from icloud and my apple id. Help.,account_apple_id,@AppleSupport We're here to help. Let's take this to DM so we can better assist you.,168760.0
825546,316621,@AppleSupport why does my new laptop have a charge thats supposed to last 10 hours but it lasts 2 if i'm lucky?,billing_subscription,@AppleSupport Battery life is important for portable devices. Let's get you back working order. Try this first:,
2700937,758716,"Been getting this constantly ever since one of the latest updates, even when am already connected to the wifi , @AppleSupport @AppleSupport sort yourselves out",device_troubleshooting,@AppleSupport We can assist. Try this. Settings &gt; Wi-Fi. Find the network that's reporting incorrect password. Tap the Info icon (small i in blue circle) and then tap Forget This Network. Reboot and reconnect. How's that?,
1369582,438794,@AppleSupport my phone keeps dropping bluetooth constantly &amp; was working amazingly fine before yall dropped a new iphone.. 😡😒,hardware_repair_warranty,@AppleSupport That is certainly not the experience we want you to have. Which iPhone model are you using?,
1372477,439415,"@AppleSupport iPhone 8 Plus lags ever since 11.1 update, anyway to fix that?",device_troubleshooting,@AppleSupport Thank you for reaching out to us. We'd like to work with you to get this sorted. Are you seeing this in specific apps?,
2009047,594073,@AppleSupport can iOS sometimes freeze when an iPhones dead and take an hour to work and restart fully after.,device_troubleshooting,@AppleSupport We want to help make sure your iPhone is working smoothly. DM us and let us know what's going on and we'll go from there.,
457176,223545,@AppleSupport version 11.1.2 It started out of nowhere i did the update and it was fine and then all of a sudden it started autocorrecting it to tha\t’,software_update,@AppleSupport Thanks for that information. Let's go ahead and Reset Keyboard Dictionary by going to Settings &gt; General &gt; Reset &gt; Reset Keyboard Dictionary. Restart your iPhone after that and let us know if that fixes the issue.,457175.0
333283,167319,"@AppleSupport my iPhone has been “bricked” for over 20 minutes.. cannot reset, turn off, or do anything except lock/unlock..",account_apple_id,@AppleSupport Please attempt to force restart the device with these steps:,
925604,394722,@AppleSupport WatchOS4 - Why alarm on my watch doesn’t vibrate any more? Before I’ve been able to set up vibration only without sound. Now it’s sound only,device_troubleshooting,@AppleSupport We'd be happy to help. Do other notifications vibrate or do they also make sound? Let us know in DM.,925552.0
1339756,316193,@AppleSupport iPhone 6 iOS 10.3.3,software_update,@AppleSupport Thank you! Check out this link if you're getting incorrect results with Maps:,1339755.0
2026111,402568,@AppleSupport had me reset and restore my phone because nothing has been working for weeks. Now I cannot receive texts/calls 😡😡,account_apple_id,@AppleSupport We'd be more than happy to look into this with you. Let us know if you're currently able to send out texts and calls via DM.,
429557,217163,@AppleSupport just updated to ios11.0.2 and now cannot make calls and calls I receive get disconnected!,software_update,"@AppleSupport We know how important it is to be able to make &amp; receive calls, and we want to help. What happens when you try to make a call?",
2774420,775371,IOS11 you suck. Battery now sucks. Hate TV bring cam video app. Type a text and made a coffee waitin for it to appear. Fix your shit Apple!!! @AppleSupport @AppleSupport,device_troubleshooting,@AppleSupport Let's help. Follow up with us in DM. Tell us the version of iOS 11 there. We'll take a closer look with you there.,
146567,149265,@AppleSupport [bug] brightness slider disappeared,software_update,"@AppleSupport We are here to help. If you restart the device, does the issue remain?",
1444514,455206,@AppleSupport macOS High Sierra has made my laptop crash at least 4 times this morning,software_update,@AppleSupport Let's have a closer look. What is being done when the system crashes?,
2114752,623479,Hey @AppleSupport can you PLEASE fix the bug that won’t let anyone type the letter I️ without A ? Showing up,software_update,@AppleSupport Here’s what you can do to work around the issue until it’s fixed in a future software update:,
2466435,705758,@AppleSupport how do I go back to previous version ios? Updated to 11.0.3 and now phone won’t hold a charge &amp; has annoying glitches,software_update,@AppleSupport We want you to have a smooth experience with the update. Does the iPhone still charge when you plug it in?,
2793193,779499,I leave for the airport in 30 minutes and my iPhone just bricked on me... I had to reset it but it will not connect to Verizon or wifi... any thoughts people! I need help ASAP @AppleSupport,device_troubleshooting,"@AppleSupport We know how important being able to connect to Wi-Fi and cellular service is. Give the steps in our article a shot: If this continues, DM us, and let us know what you see when you try to use Wi-Fi or cellular data.",
1624945,497642,@AppleSupport iPhone 5S IOS 11.0.3,software_update,@AppleSupport Send us a DM and we'll continue assisting you there.,1624944.0
1391875,443728,"@AppleSupport 6s, iOS 11.0.3",software_update,"@AppleSupport Do you receive any notifications? Have you checked for app updates? If not, please do and restart. Does that help?",1391873.0
243346,173793,"@AppleSupport iPhone 6s battery is not holding charge, since updating to iOS 11.0.2 is this normal?",billing_subscription,@AppleSupport Thanks for bringing this to our attention. Click here to join us in DM:,
1961421,581692,"@AppleSupport I’ve tried it all. Once I updated to the new iOS 11, battery life decreased drastically. Haven’t been able to fix the problem.",software_update,@AppleSupport Thanks for reaching out. We're here to help. DM us so we can look into this further with you.,1961420.0
1903037,567132,@AppleSupport fuck this new IOS update my battery is fucking either dead or dying fuck and this shit is running slow like dial up internet,software_update,@AppleSupport We'd like to look into the trouble that you're having. Please send us a DM with which version of iOS 11 you've updated to.,
2021929,597980,@AppleSupport my iphone6s refuses to charge after updating to iOS11. Apple support India says its bcoz I have a 3rd party screen? Pls advise,billing_subscription,@AppleSupport Are you using the charger that was provided with your iPhone? Does it connect to iTunes? Let's meet in DM to discuss.,
112887,141094,Has anyone had AT&amp;T show up on iOS 11 like this as a carrier? @AppleSupport,software_update,@AppleSupport We'd be glad to assist with this. Which region is the iPhone set to? Which device model and iOS version? Let us know in DM.,
177041,157668,Damn @AppleSupport Ever since I got that iOS 11 update my shit glitching,software_update,@AppleSupport We want to help! What model of iOS device are you using? Do you have the most recent version of iOS 11.1.2 downloaded?,
2690797,309515,@AppleSupport I messed with Change with Buttons and also lock sound but it’s still not working.,device_troubleshooting,"@AppleSupport Congratulations on your new iPhone and we'd be glad to help! To make sure we're on the same page, are you referring to the ringer switch on the side of the iPhone or the volume buttons?",2690799.0
2893425,801946,@AppleSupport I Contacted phone support. Problem with charge with iPad battery. They tested. Said it still passed. Asked cost of new battery if I wanted to pay. They said I couldn’t get a new one even if I paid. Apple won’t bet me buy a battery? #Apple,billing_subscription,"@AppleSupport Hello, we'd like to look into this. DM us and we'll get started there.",
1900652,566402,@AppleSupport upgraded iOS 11.0.3 FB app on iPhone &amp; iPad is awful. Takes forever to load a video/comments. No prob before. fix?,software_update,@AppleSupport Let's look into this for you. Is this the only app with issues? Was the app updated recently as well? Let us know via DM.,
1939221,576839,@AppleSupport hiya I removed my icloud account from my device on the website and I've sold the phone and its apparently still icloud locked,account_apple_id,@AppleSupport We'd like to help. Please meet us in DM and we'll work together to get this resolved.,
963356,348622,"@AppleSupport my iPhone7+battery is dying,I have install the last #iOS11 I don't use all the time &amp; I need to charge my phone 3times per day",software_update,@AppleSupport Send us a DM. We'll help out with your battery life from there.,
2709964,180969,My pictures taking to long to update @AppleSupport ☹️,software_update,@AppleSupport We'd like to help. DM us more details on the issue and include which device you're accessing your photos on. We'll go from there.,
2897711,325615,"@AppleSupport Hasn’t worked so far, should I restart my phone and see if it changes?",device_troubleshooting,"@AppleSupport Yes, you can restart your device to see if it changes. To clarify was this originally turned off?",2897710.0
1947679,126155,I just sent one text and my battery went down 12%. Hey Apple can y’all GET IT TOGETHER PLEASE @AppleSupport,device_troubleshooting,@AppleSupport We can help with battery life. Could you Direct Message us and let us know what country you're located in?,
1086074,376186,Carrier settings updated New settings required for your device have been Installed. What does this Mean?@AppleSupport @AppleSupport,software_update,@AppleSupport Great question. We understand wanting to know what your phone is doing. See this article for details:,
294910,186229,"@AppleSupport Also the keyboard has issues, is frozen all the time...",device_troubleshooting,"@AppleSupport If you've already updated to iOS 11.0.2 and this persists, then let's move to DM where we can dig in deeper.",294909.0
2280907,663032,@AppleSupport iOS 11.1 fixed the battery issue.,device_troubleshooting,@AppleSupport We're glad it is resolved for you. Let us know if we can help you in the future.,2280908.0
1025628,362693,"@AppleSupport iPhone 6 yes and I installed before 11.0.0, 11.0.1, 11.0.0,2. I and still having the annoying keyboard lag. I also tried a clean install too",device_troubleshooting,@AppleSupport What did you mean by a 'clean install'? Did you mean a restore as new in iTunes and not from a backup? Please DM us here:,1025627.0
1967258,582964,"@AppleSupport iOS 11.0.3 is the worst iOS, The battery is draining fast! Send the new update ASAP!!!!",device_troubleshooting,"@AppleSupport Hey, we can offer some suggestions regarding the battery life. Meet us in DM, and we'll work together from there.",
687974,284324,Changing from android to iOS....not able to restore the backup of WhatsApp....kindly guide @AppleSupport @AppleSupport @AppleSupport @AppleSupport,software_update,@AppleSupport We’d like to help as much as possible with your transition. Which iOS version are you using? Are you using the “Move from Android” feature during the Set Up Assistant?,
1966899,571263,"Somehow my iPhone has used 87% of battery in 25 minutes, I was only on Spotify, anyone else have these issues? @AppleSupport #appleisshit",device_troubleshooting,@AppleSupport That's not expected behavior. Let's look into this together. Which iOS version are you running? Let us know in DM:,
1773606,533049,"@AppleSupport help please, I’ve preordered the iPhone X in space grey but now decided I want it in silver is there any way I can change it ?",order_shipping_inquiry,@AppleSupport You can check out options for Viewing &amp; Changing your order here:,
2898989,148426,@AppleSupport It's not the wifi - I have multiple wifi around me at all times that works fine on other devices,device_troubleshooting,"@AppleSupport When you're connected to a different Wi-Fi network, you can access and use your apps successfully? Is that correct? Please send us a DM.",2898988.0
1349526,195254,@AppleSupport CarPlay no longer works after the last update,software_update,@AppleSupport We want to help. Let's go through the steps here for CarPlay:,
447332,229541,@AppleSupport How can I get this when I can’t even get into my account even though I try to reset password,account_apple_id,@AppleSupport Thanks for reaching out to us. We are always happy to help. Send us a DM and tell us where you're having trouble. We'll help you there.,447323.0
2787895,778273,"@AppleSupport I have purchased Iphone 5s in may 2016. Suddenly few days back it stopped working. It is showing blue screen only and when i try to restore it, it is showing 4013 error. I am unable to use my iphone. Please help to get my mobile into working mode.",device_troubleshooting,"@AppleSupport Hey there. We'll be happy to see how we can help with your iPhone. To start, check out these steps for the error code you're receiving: Let us know if the issue persists, and we'll continue from there.",
406628,155697,"@AppleSupport since the new update I can’t make or receive calls, along with a ton of other performance issues. When will this be fixed?",software_update,"@AppleSupport We'd be happy to take a look! To do that, feel free to DM us and we'll go from there:",
774259,304959,"@AppleSupport hi, i updated my iTunes in my mac and it’s finished but when i enter it says you can’t enter while update iTunes.",software_update,"@AppleSupport We'd love to take a look! To begin, can you tell us what version macOS we're working with tonight?",
1981289,586475,"@AppleSupport Finally updated my watchOS, now every time I glance at my watch (no matter the face), it’s on Stopwatch?!",software_update,"@AppleSupport Hey, we want to learn some more details on what's going on. DM us the exact watchOS version and we'll work together.",
1900079,395714,@AppleSupport updated iOS and now volume controls don’t work on sleep screen. Neither buttons nor headphones. iPhone SE.,software_update,@AppleSupport We'd like to help! Send us a DM with the country that you are located in and we will continue from there.,
1996286,356273,"@AppleSupport I keep getting this window pop up, but my settings says my software (11.2) is up to date. Should I be worried?",software_update,@AppleSupport We'll do our best to help out with this question. Send us a DM and we'll explore our options from there:,
1989800,588870,@AppleSupport I have this glitch in iOS 11.1,software_update,@AppleSupport Let's help to get this resolved. DM us and tell us more about this and which device this is happening on.,
2295661,342778,@AppleSupport @AppleSupport multiple friends faced the Apple logo boot loop on iOS 11.1. What is going on??,software_update,@AppleSupport We're happy to look into any issues you may be experiencing. Here is some troubleshooting steps to try. Please DM us if you are still having trouble.,
667056,190290,@AppleSupport Yes Battery stopped Ola ratio 1 long duration I do not know the reason Shipping and cable Original Apple charger! ☺️👇🏼,billing_subscription,@AppleSupport Let's look at this concern further. Send us a DM with your iPhone model; we'll join you there.,667053.0
1649040,122190,"@AppleSupport Read and understood, however it won’t allow me to download an HDR film to iPhone X on WiFi and it won’t allow me to stream it on LTE",device_troubleshooting,@AppleSupport What happens when you attempt to download on Wi-FI. Respond in DM by clicking on the link below. We'll continue there.,1649039.0
1169549,301385,"@AppleSupport Thanks. I enabld it, now the buttons can control the ringer volume. But, the 'control center' sound icon still appears to hav no effect.",device_troubleshooting,"@AppleSupport Alright, let's restart the iPhone to see if that helps the issue. If you need help follow these steps:",1169548.0
2105945,214966,@AppleSupport @AppleSupport This is the problem I am facing every morning while using #Instagram app on my iPhone 7.I updated my Instagram app yesterday but the problem is as it is.This problem has started after I updated my #iPhone 7 to iOS 11.1.,software_update,@AppleSupport We'd love to look into this with you. Please click here to join us in DM. We'll pick up there:,
2986958,823583,"If you have not upgraded to High Sierra, then DO NOT UPGRADE. It just crashed my MBP while waking up from sleep. First time in 4 years. A perfect example of how to fuck up a good working system. #macOSHighSierra #MacOS @AppleSupport @AppleSupport #WTF",software_update,@AppleSupport This isn't something we would expect after a macOS upgrade. We'd like to learn more about exactly what happened and see if we can keep it from happening again. Send us a DM and with the details. Did it shut down? Did you see an error message?,
243335,173789,@AppleSupport @AppleSupport @AppleSupport appalling telephone customer service. So shocking in fact; I cancelled my £2000 order. #NeverAgain,order_shipping_inquiry,@AppleSupport Thanks for reaching out. DM us more info about your experience and we'll get you to the right spot.,
105434,139291,@AppleSupport It’s usually a site trying to process a payment. I’m on High Sierra.,billing_subscription,@AppleSupport Have you tried to clear your Safari history yet? Our website here explains how:,105433.0
1078560,374425,@AppleSupport Started when i dowloaded ios 11. Same problem with both of my iphones. Shouldn’t be a surprise. Lots of people having the same issue.,software_update,@AppleSupport Got it. Let's have you try the recommended settings for maximizing battery life here: DM us to continue.,1078559.0
2975807,820700,"iOS 11.0.3 is a nightmare. 3rd time I've had to restore my iPhone in less than a week. When it is on, none of the apps work. @AppleSupport",software_update,@AppleSupport We'd like to help. Send us a DM with a few details and we can start there.,
1881581,561507,@AppleSupport new ios11 has made my iPhone 6s glitchy. The Touch ID doesn’t work as well on it since the update. Can you help?,software_update,"@AppleSupport We know how important it is to have your iPhone running properly. In DM, please let us know the version of iOS 11 you're using?",
337475,196532,@AppleSupport iPhone 7 plus and iOS 11. Most apps such as Facebook and twitter keep freezing and the phone keeps going on and off by itself!,software_update,@AppleSupport We'd be more than happy to look into this issue with you. Let us know the exact version of iOS 11 you're using in DM.,337474.0
2402158,691104,"@AppleSupport Yes, I’ve tried the same after restarting the device but the problem still exists. I’ve also tried soft resetting but that too didn’t work.",device_troubleshooting,"@AppleSupport Have you tried other Wi-Fi networks, or even resetting yours? This also will help us isolate the issue down further. Let us know in Direct Message and we'll continue there.",2402157.0
935957,341890,@AppleSupport My 5 month old phone has been completely useless since he iOS11 update. Do you have any sort of warranty that covers this?,software_update,@AppleSupport We're here for you. We'd like to start by finding out which model and which specific version of iOS you're using. Thanks!,
2732917,410910,"@AppleSupport Happens mostly in FB and instagram. Installed and updated everything last night. Shut down phone last night, didn’t help, haven’t this a.m.",software_update,@AppleSupport Understood! Let's see if we can delete and reinstall both FaceBook and Instagram to see if the issues persist: Let us know the results once completed.,2732916.0
2805141,782403,"@AppleSupport after updating to High Sierra, my 13"" macbook pro (early 2015) battery life is seriously terrible. i don't do anything different compared to before i updated... so i don't know why my battery drains so quickly now. please fix this issue 😢",device_troubleshooting,@AppleSupport We'd love to work with you concerning your battery. Please tell us which version of macOS High Sierra you have installed on your MacBook Pro?,
1651981,504438,"@AppleSupport iPhone 5S. IOS 11.0.3. When a contact is added thru CONTACTS or PHONE icon, it doesn't add. On editing calendar items,goes off",software_update,@AppleSupport We can help with Contacts. Could you Direct Message us and let us know what country you're located in?,
940598,342981,@AppleSupport Does the AirPort Extreme line of routers require an update to patch KRACK?,software_update,@AppleSupport Our Airport team would love to look into that question with you. Reach out to them here:,
1468297,460805,"Hei @AppleSupport, I want complain about @AppleSupport, why my account when download the app from my iPhone or Macbook very slow?",account_apple_id,@AppleSupport Downloads are dependent on the network connection. Are you doing this over Wi-Fi or cellular data?,
2306651,669168,"@AppleSupport If you actually read the tweet you’d see I said that was the ONLY option, unfortunately. I shouldn’t have to toggle WiFi off and on constantly to make a $1000 phone work.",device_troubleshooting,@AppleSupport We'd love to have you share your feedback on that with us here:,2306650.0
515908,139056,@AppleSupport or anyone else know what happened to forwarding voicemails on your iphone? Or another glitch w/ ios 11 ? #apple #iphone #ios11,software_update,"@AppleSupport Thanks for reaching out. We can help look into this. Are you looking to forward a voicemail that is on your iPhone to someone else? If so, you can open the voicemail and then tap on the share button in the top right corner.",
1014327,360009,iOS 11 is honestly such a buggy piece of crap. It’s nearly about to brick my phone. @AppleSupport @AppleSupport I pay this much to just be this mad,software_update,@AppleSupport We're here for you. What's happening when you attempt to use the device? How do you get it working again?,
2499348,711882,@AppleSupport non-iPhone user now getting blank texts when I text them. Never happened til I updated last night. Tips??,software_update,@AppleSupport We'd like to gather some more information for better troubleshooting. Can you DM us the country you are located in?,
1071310,372804,This is why @AppleSupport pisses me off now days even though I've been a loyal Mac user since 1992. I'M DOWNLOADING FREE SOFTWARE! WHY THE FUCK do I need to update my billing info to do so? Just my password isn't good enough for #TimCook anymore?,software_update,@AppleSupport This article has steps to remove your payment information: Need more help? Let us know.,
152913,150976,@AppleSupport I am trying to install a new app as well as in-app purchases. I get the ‘Double Click here’ prompt but it just wiggles left and right and it does nothing when I press it.,software_update,"@AppleSupport Does this still occur after force closing the App Store app? If so, let us know in DM and we'll continue from there.",152912.0
2831771,788445,@AppleSupport i updated it when it was released maybe couple of day after @AppleSupport,software_update,@AppleSupport Is battery drain the only issue you're having? Let us know in DM.,2831769.0
874941,327722,"@AppleSupport Oh! did I mention I have to charge my phone every 2 hours? It goes from a full charge to 10% in 2 hours. No, it didn’t happen before update",billing_subscription,@AppleSupport We never want your experience to be like that. We'd like to see how we can help. Which iPhone and iOS version are you using?,874943.0
1897967,565666,@AppleSupport @AppleSupport iOS 11 is a glitched out mess. Not the quality I expect from Apple.,software_update,"@AppleSupport Are you experiencing an issue on your device running iOS 11? If so, DM us more information. We're here to help.",
2444140,222567,@AppleSupport my #iphone7 which has already been to the Genius Bar once today for “software” burned my fingers after normal use.,hardware_repair_warranty,@AppleSupport Thank you for reaching out. We're here to help. Please DM us and we will continue from there.,
1875757,357022,@AppleSupport I have an iPad 10.5 updated w last iOS11. I am having a nasty lag of 3-5 seconds w Apple Pencil in several apps...why’s that.,software_update,@AppleSupport Send us a DM. We'd love to look into this lag experience. Could you let us know if you have checked for updates for those apps?,
2917323,807480,@AppleSupport Is MacOS High Sierra compatible with Fusion Drives yet? I've been holding off on updating my late 2014 iMac...,software_update,@AppleSupport We'd like to help. Here's more about fusion drive:,
1352904,435515,"@AppleSupport qq, I placed 2 orders for the iPhone X. I received two ord. conf. emails however only one email saying iPhone is reserved?",order_shipping_inquiry,@AppleSupport We'll want to have you reach out to our Sales Support Advisors here: They can look into this with you.,
1800088,540846,@AppleSupport The options mentioned in the link provided doesn’t work at all. User have to go into settings to turn off Bluetooth and wifi.,device_troubleshooting,@AppleSupport We're happy to look into this further. DM us further questions about iOS 11 Control Center and we'll go from there.,1800087.0
925563,381775,@AppleSupport ผมใช้ i6+ อัพ iOS ใหม่ ๆ แล้วไม่ประทับใจ แบตหมดไว เครื่องเพลงรวนเวลาถอดหูฟัง อยากกลับไปใช่ iOS ตัวเดิมเมื่อแรกซื้อได้ไหม,software_update,@AppleSupport We offer support via Twitter in English. Contact us for help in your preferred language here:,925552.0
1134119,387228,"Can I downgrade to iOS 10? iPhone is slow, battery drains, apps crash, keyboard &amp; screen often unresponsive since iOS 11.0.3 @AppleSupport.",device_troubleshooting,@AppleSupport We can definitely help get these issues resolved. Please DM us!,
304445,188703,My battery runs out so fast with IOS 11 😡 @AppleSupport,device_troubleshooting,@AppleSupport We appreciate you reaching out. Let's look into this together. Which device are you using and what's its exact version of iOS?,
2298996,667321,"@AppleSupport @AppleSupport i’ve been trying to get into my new 7+ all day and i can’t get past this screen.. help, it’s annoy and frustrating!",device_troubleshooting,"@AppleSupport Congratulations on getting a new iPhone. Let’s work together to get it activated. Please complete the steps shown in the following article, and send us a DM if the issue persists:",
2683023,754695,@AppleSupport I am not receiving SMS or MMS notifications and my phone isn’t sending read receipts. (although they are both turned on),billing_subscription,"@AppleSupport You're in the right place for help. To get us started through troubleshooting, may we get the iOS version currently on the iPhone?",
387222,207662,@AppleSupport hi i have a question about a product I own that is currently getting repaired by you guys please dm as it's private matter,hardware_repair_warranty,@AppleSupport We're more than happy to help. DM us through this link and we'll get started:,
961670,348202,@AppleSupport ever since iOS 11 (I’ve updated to the latest version of it) I’ve been having so much trouble with screenshots,software_update,@AppleSupport We'd love to help with your screenshots. Let's start with what you've noticed and what actions you've taken to overcome them,
1977385,585560,Hi when i was create a sandbox account and try this on my device. All of my itunes musics and settings downn. @AppleSupport @AppleSupport,account_apple_id,"@AppleSupport Let's make sure we understand. Are you currently missing all of your music? Let us know more details about this in DM, please.",
309263,189852,@AppleSupport Since updating to 11... Lots of freezes and camera is often all black. Always having to reset. On version.2 now,device_troubleshooting,@AppleSupport Let's focus on your camera for now. Try these steps and DM us if they help:,309262.0
1146059,389744,#Apple software 11.0.1 to 11.0.3 updates has just ruined my #iPhone5s 😡😡😡😡 thanks a lot Apple @AppleSupport @AppleSupport,software_update,@AppleSupport What's going on with your iPhone? DM us the details and we'll work together to get things sorted.,
1085243,375992,@AppleSupport Seems correct to me as per screenshot. And it still says good morning. Region is also set to UK,device_troubleshooting,@AppleSupport Let's continue in DM. Reach out to us and let us know any steps you've tried so far.,1085242.0
870318,326641,Totally going to have to return / hopefully replace my AirPods…battery issue makes them unusable // @AppleSupport,device_troubleshooting,@AppleSupport We want to help. Send us a DM and we'll go from there.,
850693,322099,"Hey @AppleSupport y’all spammed me to do that update. I had no choice to do it, now my phone don’t even work right.",software_update,@AppleSupport Thanks for letting us know about your concern. Can you let us know more about the situation via DM?,
1194061,400570,@AppleSupport Yes. No updates. They are mostly Apple apps.,software_update,"@AppleSupport Alright, not a problem. Send us a DM next and let us know about when you installed the 11.0.3 update.",1194060.0
2404995,691758,@AppleSupport your podcast app for iOS 11 terrible. It just removed approximately 20 episodes of different podcasts because... reasons? Garbage.,software_update,@AppleSupport We’re here to help. Please DM us the version of iOS 11 you’re using so we can better assist you.,
302925,188291,@AppleSupport Update killed my wife’s phone. Phone won’t even turn on anymore. @AppleSupport @AppleSupport,software_update,@AppleSupport We can help you with this. Follow the steps here and let us know if this helps you: DM us if you run into any trouble:,302926.0
1529996,474850,@AppleSupport &gt;&gt; I updated my phone &amp; im tired of seeing these dumb ass “ ? “ please fixed that .. thanks 😂😘,software_update,"@AppleSupport We'd like to look into this with you. To start, please send us a DM.",
2869722,796907,Still upset I spent 20$ on Trivia Crack by accident awhile back and @AppleSupport never replied to my email 😪,hardware_repair_warranty,@AppleSupport Let's get you pointed in the right direction! Our iTunes billing support team would be happy to take a look. You can reach them at:,
105349,139266,@AppleSupport Was split-keyboard taken away in iOS 11...? I’m not able to split it on 2017 jumbo iPad Pro...,software_update,"@AppleSupport Hey there, great question! Please check out this link, with information on how to split and move the keyboard on your iPad Pro: If you're still having issues, meet us in DM, here:",
2279874,662804,funny how when the iphone 8 and X comes out my iphone 7’s battery lasts precisely 6.4 seconds :) @AppleSupport,device_troubleshooting,@AppleSupport That's definitely not expected behavior. We can help. Can you tell us the exact date you began to notice this? As close as possible works too. Which iOS version are you running? The answers to that will help us get started.,
1807496,543011,"@AppleSupport how can we ""select all"" photos from our icloud account? Thx",account_apple_id,@AppleSupport Thanks for reaching out. We're happy to assist you. Are you selecting the photos on our site?,
2278449,662483,@AppleSupport Left it perfectly working at the charger wed evening. Today: :(,billing_subscription,@AppleSupport Send us a DM please and we'll start looking into this with you. Just let us know the country you're in.,
1956031,132698,Hey @AppleSupport may we get an update to fix these glitches? My phone keeps freezing &amp; won’t let me click on my screen. Restarted 3x,device_troubleshooting,"@AppleSupport We'd be happy to look this over with you. Please meet us in DM so we may gather information, and better assist.",
1598540,490972,.@AppleSupport iOS 11 is changing “i*” to “I️” in half of the apps I’m using this is extremely annoying please fix!!!,software_update,@AppleSupport Try the workaround in this article and DM us any questions:,
117967,142516,@AppleSupport @AppleSupport Snap. Downloaded all the updates as well but my 5S still drains twice as quick as it used to and goes from 20% to ‘off’ in seconds. Grrrr,device_troubleshooting,@AppleSupport We'll gladly assist. So you are updated to iOS 11.1.2? Not running the beta of iOS 11.2? Let us know in DM.,117940.0
2136667,628546,Hey @AppleSupport the new capital I️ displays as “A ?” on my 11.0.1 device. Your PMs should know better than to release that horrid bug into the wild.,software_update,@AppleSupport Here’s what you can do to work around the issue until it’s fixed in a future software update:,
2947142,188219,"@AppleSupport Hi, How do I track my Case Number?",order_shipping_inquiry,@AppleSupport Hello. We understand the importance of tracking your case with us. Please send us a DM so we can look into it with you.,
2522416,636754,@AppleSupport No updates,software_update,"@AppleSupport Alright, got it. About how long has this been happening? Have you restarted your iPhone since you noticed this issue? DM us and let us know.",2522415.0
2121066,624940,@AppleSupport iPhone 8 touchID doesnt unlock while charging on 110v w/ 61w laptop charger to usbc lightning cable just uh.. so you guys know,billing_subscription,@AppleSupport We'd love to help. Does the Touch ID work while charging the device using the 5W adapter that came with the device?,
1834030,550138,@AppleSupport Back buttons (top left) don’t work very well since the last update. Very annoying. @AppleSupport,software_update,"@AppleSupport Hi. Please DM and tell us what Apple device you're using, as well as the app you're seeing this in. We'll be happy to help.",
1990877,589198,@AppleSupport my phones been super laggy since updating my software to 11.1,device_troubleshooting,@AppleSupport We'd love to gather more details about these issues since updating. Meet us over in DM with which model iPhone you have.,
842508,320387,I’ve never had to turn my phone on and off again so many times. what the heck is this shitty update @AppleSupport? Fix it @AppleSupport,software_update,"@AppleSupport We're happy to look into this with you, Could you let us know the issue that is causing you to restart your iPhone?`",
1817974,138636,@AppleSupport Hi I have been debited 60₹ for adding master card in apple device. Will there be refund #apple #iphone #itunes #bank #money,billing_subscription,@AppleSupport We’d be glad to take a closer look with you. Can you reach out to our support team here?,
51705,127615,@AppleSupport why since my 7s was updated am I having trouble sending picture messages? It freezes when I try to select person to send to.,device_troubleshooting,@AppleSupport We can help with MMS. Which version of the iOS are you currently running? You can check in Settings &gt; General &gt; About &gt; Version,
1026220,362814,"@AppleSupport I meant that ever since I updated my iOS to the latest version, I’m not getting any notifications from any app. That’s really annoying",software_update,@AppleSupport We're happy to help! Please go to Settings &gt; Notifications. Then DM us with the country you're in for additional help.,1026219.0
1852027,554294,@AppleSupport it’s finally updated it but safari continues to force close the second i open it,software_update,@AppleSupport Got it. Go ahead and DM us letting us know what country you are located in and we can continue to work together.,1852028.0
2112032,367988,@AppleSupport any reason why my battery is draining? I️ already have all the battery saving hacks; I’d like to text for more than 20 minutes without my phone dying!,device_troubleshooting,@AppleSupport We'd be happy to continue working with you. DM us and we can go from there.,
2001912,592072,"@AppleSupport @AppleSupport I need to know because this is unacceptable, mine is actually updated too 🤦🏾‍♀️",software_update,"@AppleSupport Hello, thanks for reaching out about this. DM us with which device &amp; iOS version you’re using and we’ll continue there.",2001911.0
1745514,526313,Yo @AppleSupport what the hell is this box on my screen,device_troubleshooting,"@AppleSupport We can help! Does this appear on every screen or only the Home screen? Have you tried restarting? If not, let's try that next.",
2555423,725642,@AppleSupport Just updated to version 11.1.1 on 6+. Still immediately plagued with delayed app responses and iOS and app crashes.,software_update,@AppleSupport Thanks for reaching out to us. We know it's important to have your device functioning the way you'd like. We'll help out the best we can. Let's meet in DM and work together on this.,
1439417,454049,@AppleSupport It’s happens randomly if I search something and it freezes sometimes and things won’t load,device_troubleshooting,@AppleSupport Thanks. If using a different search engine in Safari do you receive the same error message? Settings&gt;Safari&gt;Search Engine.,1439416.0
2793208,779504,"@AppleSupport the fuck. Your latest iOS update has turned my phone into a stuttering, glitchy, stupid bitch. How about instead of releasing new phones all the fucking time, you focus on not killing previous models with your ugly ass iOS updates.",software_update,"@AppleSupport If you're running into glitches on your iPhone, we'd like to help you out. Please tell us the exact issue(s) you're experiencing. Also, please let us know what version of the iOS software you currently have installed.",
1867558,302867,@AppleSupport Why does this always happen? This is my second cord this month. I don’t have money to keep replacing them :/,billing_subscription,@AppleSupport We know how important it is to be able to keep your devices powered up. Send us a DM and we'll be happy to look at options.,
6554,117154,@AppleSupport how long does it take usually for account recovery to get back to you? It’s been about a week now.,account_apple_id,@AppleSupport Having access to your Apple ID is important. Did you receive an email with a confirmation of your request? DM us here:,
2321952,672846,@AppleSupport iOS 11.1.1 and iPhone 6S,software_update,"@AppleSupport Alright, go ahead and send us a DM and we'll look into this further with you.",2321951.0
2743073,302757,@AppleSupport iPhone 6S Plus draining too much battery,device_troubleshooting,@AppleSupport We'd be happy to help. Send us a DM with a few more details and we can start there.,
1003832,347213,@AppleSupport Do Not Disturb isn’t mirroring for Apple Watch series 3 with iPhone 6S. OS updated on both. Checked the setting already.,software_update,@AppleSupport Let's dive into this together. What are the exact versions of watchOS &amp; iOS that are installed on your devices?,
356855,200736,@AppleSupport @AppleSupport &amp; @AppleSupport push notifications supported yet on #iOS11 ? Doesn’t seem to b working for me.,software_update,"@AppleSupport Which device and version of iOS 11 are you using? Check Settings &gt; General &gt; About, and let us know in DM.",
631787,269725,@AppleSupport In my 25 years of faithful Apple product use I’ve never experienced such a buggy system release as IOS 11. What’s going on????,software_update,@AppleSupport We want you to have a good experience with your devices. We'd be happy to help. Would you tell us more about what's happening in iOS 11 on your device?,
2255379,656910,@AppleSupport have been facing the problem in the attached screenshot related to location service only after ios 11 update.,software_update,@AppleSupport Does this also happen with the built-in Maps app? Does turning Airplane Mode off help?,
2705800,759913,@AppleSupport Purchased my iPad 9.7 in April or May of 2017. Just updated it to iOS 11.1.1 &amp; EVERYTHING that loaded at super speed compared to iPad Air (especially in Safari &amp; YouTube) now take 3 or 4 times that long compared to iOS 10~What’s up with that? Thanks.,software_update,@AppleSupport We can help get your iPad back to super speeds! Let's first start with updating to the latest version we released last week. Please back up and update your iOS: Let us know how that goes.,
1412653,448280,@AppleSupport Yea I just updated to the latest iOS,software_update,@AppleSupport Do the issues occur on cellular and Wi-Fi networks? Have you tried any steps on your own? This helps us to not repeat them.,1412652.0
1635793,500362,Really @AppleSupport ? No way to clear all the notifications in iOS11? Just one by one? @AppleSupport @AppleSupport,software_update,@AppleSupport We love to hear your feedback. Please submit it here:,
2295091,666430,@AppleSupport It’s the latest OS. Yes I restarted many times. I’m specifically using Skim which worked perfectly on “Sierra” before updating,device_troubleshooting,"@AppleSupport Are you able to highlight individual words, and see through your highlights, while using preview? Let us know in DM.",2295092.0
2493887,325975,"@AppleSupport after trying to update my phone, my iphone won’t stop freezing so now i can’t watch youtube, netflix nor can i shapchat. galaxy note8 here i come!",software_update,"@AppleSupport We’d love to help with the performance of your iPhone. To start, please send us a DM confirming which iPhone and exact software version you’re using.",
557776,250274,"@AppleSupport I am not able to move Apps to existing Folders on iOS 11.1.2. Tried multiple ways! Please check. I am able to create new Folders, but cannot move the Apps around to current Folders",software_update,@AppleSupport Hi there! We're sorry to hear you're having issues moving apps into folders. Let's try restarting your iPhone with our steps here: Let us know if this helps.,
2575303,730273,@AppleSupport Need help with dropped calls since 11.1.1 update today.,hardware_repair_warranty,"@AppleSupport We are here to help. Can you tell us a bit more about the calls? Does this happen with certain contacts, at certain times of the day, or in certain locations?",
2353576,680074,"@AppleSupport i have 2 iphones , 1 has yellowish screen, 2nd has pure white screen. is yellowish screen a defect?",device_troubleshooting,"@AppleSupport Thanks for reaching out. To start, please check that Night Shift is not activated on the device by following this link:",
1868801,558214,@AppleSupport updated my phone and now I can’t make or take any calls as well as videos. 🙃,software_update,@AppleSupport Thanks for reaching out to us for support. We would love to help you. Please DM us so that we can troubleshoot together.,
241544,173354,"@AppleSupport all of my other chargers work, and sometimes it will say “this device is not supported”",billing_subscription,@AppleSupport Please take a look at the following article and let us know if this helps:,241545.0
556981,250055,"Ok @AppleSupport.. when my battery died quicker and I couldn’t type an “I”, after an update, I didn’t complain, but now my phone is restarting and deleting contacts. I can’t do anything for more than 60 seconds without my phone restarting. Seems like every update gets worse.",device_troubleshooting,"@AppleSupport We definitely understand how that would be challenging to work around, so we're glad to help. Please take a look at this article, which details steps to take if your iPhone is restarting:",
2704210,759508,@AppleSupport can you please help me in resolving the issue with my MacBook pro's logic board/video card? Sounds like it's a well known issue and I could use some support.,device_troubleshooting,@AppleSupport We'd be happy to help with your MacBook Pro. Please let us know in DM what your particular Mac is experiencing and we'll look into this with you.,
199366,162991,@AppleSupport hoe haal ik die nieuwe iOS er weer af? Ik krijg geen app meer geopend zonder dat m’n hele telefoon vastloopt..,software_update,@AppleSupport We offer support via Twitter in English. Contact us for help in your preferred language here:,
465487,153629,"@AppleSupport, Hey I have updated my IPhone 6s to iOS 11.1.2 and its drains my battery like crazy.... please help",device_troubleshooting,@AppleSupport Thanks for reaching out. We'd like some additional details to assist. Send us a Direct Message using the link below and we'll take it from there.,
2129230,626791,@AppleSupport. My wifi constantly keeps disconnecting wen in connect it agine 5 seconds later it disconnect agine itz really frustrating,device_troubleshooting,@AppleSupport We're here to help! What iOS version is currently installed on your device?,
2803484,782000,"@AppleSupport @AppleSupport How about we get a macOS fix too guys, huh?",software_update,"@AppleSupport Tell us what's happening with the macOS and we'll see how we can help. Send us a DM with details, and let us know which Mac you have and the macOS version number it's running.",2803483.0
2291659,665555,@AppleSupport I can’t change the wlan setting for my apps and its stuck on no WiFi so now I can’t use the apps on my new iPhone. -.-,device_troubleshooting,@AppleSupport This is certainly not the experience we want you to have. You're in great hands for support. Could you DM us which iPhone and iOS version you're using? Use this link to check for the iOS version: We look forward to your response.,
187415,159973,@AppleSupport @AppleSupport @AppleSupport y eso que el problema del 👂 speaker,device_troubleshooting,@AppleSupport We offer support via Twitter in English. Get help in Spanish here: or join,187416.0
2322627,673010,Not seen such a worst iOS update #phone hang first time on my phone I’m unable use my phone @AppleSupport @AppleSupport,software_update,"@AppleSupport We want to help. What iPhone model are you using, and which iOS from Settings &gt; General &gt; About is installed?",
2518239,717328,@AppleSupport @AppleSupport My iphone 5s keeps turning off randomly after ios 11.1 update. What's the deal?,software_update,"@AppleSupport Thank you for that information. Please back up and update to our latest iOS 11.1.1, and let us know if the issue persists. These steps here will walk you through the process:",
2116285,623835,@AppleSupport I am trying to download 11.1 and it tells me Won’t update no WiFi.. I have WiFi.. help please,device_troubleshooting,@AppleSupport Let’s work together on this. How long has this been happening? Let us know via a DM. We’ll keep moving from there.,
1579115,486275,"@AppleSupport Having issues with my iPhone 7 making and receiving calls since iOS11.1 update. Can’t answer sometimes, no audio sometimes.",software_update,@AppleSupport We'd be happy to look into this with you! Send us a DM and we'll get started.,
2320104,672420,What’s up with my Battery being always almost dead after an hr!! After the update. Not worth it..Get your shit together!! #NYGvsSF #iphoneupdate #apple @AppleSupport @AppleSupport #wtf,device_troubleshooting,@AppleSupport Thanks for reaching out to us. We're always happy to help. Send us a DM and tell us more about your battery issue. We'll help you there.,
8579,117510,"@AppleSupport I bought 2 iPhones X on Friday, but I don’t see any charge on my credit card. Do I should worry or it’s normal?",billing_subscription,"@AppleSupport Thanks for reaching out to us. Please send us a DM with your country, and we'll look into this.",
1437542,453712,@AppleSupport from website. definitely a bug. No problem from the iPhone preferences.,software_update,@AppleSupport We'd like to take a closer look. Send us a DM and we'll continue from there.,1437541.0
2015977,596151,Didn’t even update my phone and for some reason I️ can’t type the letter I️ @AppleSupport,software_update,@AppleSupport Thanks for reaching out. We have a workaround for this here: DM us if you still need help.,
1849301,192197,@AppleSupport When is the new update coming.. Can't bear the battery drain. ios 11.0.3,device_troubleshooting,@AppleSupport When did you update to iOS 11.0.3? Let's get together in a DM where we can investigate the battery issues together.,
2680372,754115,@AppleSupport you can assume I already did all these steps. Order not showing up in my account although I did see a confirmation screen with a number.,device_troubleshooting,@AppleSupport Let's get you in touch with our Online Store Support to look into this further. You can reach them directly:,2680371.0
326770,193860,@AppleSupport @AppleSupport I’m on iOS 11.0.2 (15A421),software_update,@AppleSupport Let's move to DM for a closer look. Are only particular apps running slowly?,326769.0
2114769,553280,"@AppleSupport why is it every time you release new phones, the older models turn into junk? My battery is forever dying - 7S Plus.",device_troubleshooting,@AppleSupport We'd love to help out. Could you Direct Message us and let us know what country you're located in?,
2485878,710084,@AppleSupport need help computer wants a password for a Email but I changed the email over a year. When i look for the id of the email there is not one.,account_apple_id,"@AppleSupport We’d like to help. We have a helpful article for setting up Mail on your Mac, which you can see here: Please send us a DM with more details if we can help further.",
2562305,727154,my phone is up to date and never been damaged. can u stop randomly restarting it plz @AppleSupport,device_troubleshooting,"@AppleSupport We’ve got your back. Can you tell us which iPhone you have? When your iPhone unexpectedly restarts, what do you see on the screen?",
2947130,813992,"@AppleSupport @AppleSupport Since the update to iOS 11.1.2 (iphone7) I have issues. The battery drowns very quick, the phone freezes a lot of times (can only reboot it when holding the volume an on/off button). Gets hot while charging. Didn't have these problems with prev iOS. Solution?",device_troubleshooting,@AppleSupport We know how essential it is to be able to rely on your iPhone. Let's work together to get to the bottom of each concern mentioned. Does the iPhone stop responding when using specific apps? How long does your iPhone last typically on a full charge? Please DM us:,
2242047,653657,@AppleSupport Ios 11.1 shut down my iphone 2 times within one day Are you for real? What should I do now with my iphone?,software_update,"@AppleSupport Great question and we'd love to help. Let's first back up and update it to iOS 11.1.1 using these steps: Afterwards, let us know if the same issue remains and what shows on its screen when it does restart.",
286894,184361,@AppleSupport Of the screen when you look at angle of the display? For the backlight. Almost a 45degree angle. Well mean the edge of the display.,device_troubleshooting,@AppleSupport We'd love it if you could get together with us in DM so we can help get this sorted out. Join us here:,286895.0
2757516,771703,"@AppleSupport hello, my phone won't charge after a hard reset, trying several cords, and plugging it into my Macbook. It is at 2% battery so an iOS update isn't an option currently. Please help.",software_update,@AppleSupport We are more than happy to help. Let's start by trying the steps in this article: Please let us know if you need further assistance after trying the steps in that article.,
2812591,784254,"@AppleSupport My Carrier didn’t give me a solution,and I don’t want restored my phone,that scary me.,can you do something or... I don’t know if is the iOS.",software_update,"@AppleSupport To make sure, did your carrier find everything ok on their end when you asked them about the section 'Contact your carrier' in the link we provided? As you haven't restored it, have you already completed the remaining steps in the link we sent?",2812590.0
1454587,457605,12h37. 20%. Full chargé à 8h15. Utilisation normale. @AppleSupport @AppleSupport #iOS11 bêta 11.2 .,software_update,@AppleSupport We offer support via Twitter in English. Contact an Advisor for help in your preferred language here:,
2052011,155406,"@AppleSupport Google Maps, other apps freeze on a regular basis after update. Battery life garbage now. Not ok! Solutions?",device_troubleshooting,"@AppleSupport Thanks for reaching out! We'd be happy to look into this. To start, DM us which device and version of iOS 11 you're using.",
157740,765495,@AppleSupport I’m thinking of buying an iPod touch 6th gen I’m wondering how long your gonna continue to support the device with iOS updates can u tell me if you’ll support it for say another 2 years,software_update,"@AppleSupport That's a good question. While we have no info on future decisions to be made by Apple, this article may help with knowing what to expect when a product comes to be considered Vintage or Obsolete:",157698.0
2775951,775661,@AppleSupport Just concerned about my end. I did the update install and see no issues. Thanks!,software_update,"@AppleSupport We're glad to hear that. If we can help with anything else, just let us know.",2775950.0
1679924,510851,@AppleSupport why is the letter “I️” broken pls explain,hardware_repair_warranty,@AppleSupport Here’s what you can do to work around the issue until it’s fixed in a future software update:,
35989,455657,@AppleSupport Dear @AppleSupport &amp; @AppleSupport can you please update the time zone of Sudan Khartoum in the Alarm app from +3 to+2 GMT. Updated on 1st Nov 2017,software_update,@AppleSupport We'd be happy to help. Have you tried power cycling your device? Here's how: Let us know if that helps.,35977.0
2053231,607216,When you are on WiFi and your iPhone 7+ says you ain’t @AppleSupport @AppleSupport issue after issue with ios11,device_troubleshooting,@AppleSupport We'd like to look into this with you. Send us a message in DM and we'll work together to investigate from there.,
2890785,801423,"@AppleSupport bonjour, depuis la MAJ IOS 11 la luminosité de mon iPhone est automatique et pourtant dans les réglages cette option est désactivé. Que puis je faire d’autre pour que sa ne soit pas automatique ?",device_troubleshooting,@AppleSupport We offer support via Twitter in English. Contact us for help in your preferred language here:,
324505,193299,"@AppleSupport. Since upgrading my phone to iOS 11.0.2, it is constantly freezing and crashing.",software_update,@AppleSupport We'd like to see what we can do to help. Are you seeing this happen with specific apps or completely at random?,
644908,273061,@AppleSupport @AppleSupport I just looked at my phone and it drained 10% battery! What’s the deal?,device_troubleshooting,@AppleSupport Let's see what we can find out about that. What type of iPhone and iOS version are you using? Are you on cellular or Wi-Fi?,
1622581,497114,"@AppleSupport @AppleSupport security concern! u need to fix iOS11 wifi, b-tooth &amp; cell toggle before someone gets hurt",device_troubleshooting,@AppleSupport Thanks for reaching out. You can read more about Wi-Fi and Bluetooth on iOS 11 here:,
1822702,547175,"@AppleSupport Hello, could I please have the link to the #IPWS file for an iPhone 6S Plus #IOS10 #UK I unfortunately need to downgrade. Tnx",software_update,"@AppleSupport We'd be happy to look into this with you! To begin, can you DM us more about the behavior you're experiencing?",
1692544,219092,"@AppleSupport @AppleSupport @AppleSupport after a few hours of inactivity i cannot send/receive email (iPhone X, iOS 11.1, exchange account)",account_apple_id,@AppleSupport We'd like to help out. Could you Direct Message us and let us know what iOS device you're using?,
545157,246708,"@AppleSupport i got an email saying that my apple id has been disabled yesterday but everytime i tried to update my acc the page cant be found, how can i solve it",account_apple_id,"@AppleSupport This email appears to be a phishing attempt, and was not sent by Apple. For more details about phishing emails, check out: If you need to make any changes to your Apple ID, you can do that using our official website:",
1660038,506426,@AppleSupport dropped my iPhone 7.. the screen of my phone cracked and my screen protector is unharmed... any thoughts?,hardware_repair_warranty,@AppleSupport We can help you explore your support options. Let’s team up in DM and we’ll do our best to assist you.,
2572658,729628,@AppleSupport My iPhone is restarting then deleting all my pictures and When it comes back on my pictures restore them delete over and over!,device_troubleshooting,@AppleSupport We want to help. Which version of iOS are you currently running? Here's how to check:,
775269,181523,@AppleSupport guys you got to look at this latest iOS update. The phone has been lagging since the update big time.,software_update,"@AppleSupport We'd like to help, but we'll need more details to start. Which iPhone model do you have and is iOS 11.0.2 installed?",
1958489,581038,@AppleSupport you guys really fucked up with this new shit update I’m turning off the WiFi icon but it’s not properly switching off,device_troubleshooting,@AppleSupport Hi. The function in Control Center has changed with iOS 11. Please visit us here for more information:,
2287250,664548,@AppleSupport No I don’t. I only use the normal Apple keyboard. I restart the phone a couple times today.,device_troubleshooting,"@AppleSupport Do you mind letting us know your exact version? Check Settings &gt; General &gt; About, and let us know in DM.",2287251.0
152849,150959,@AppleSupport Hotmail sending worked after installing the iOS 11.1.2 update. Thanks for your help.,software_update,"@AppleSupport We're glad to hear you can send emails again. You're welcome. If you need any further help, let us know.",152850.0
2953785,234016,"@AppleSupport It’s got iOS 11.1.2 on it, and no it just goes black then the apple logo appears",software_update,@AppleSupport Let's meet in DM so we can gather some specific information about your iPhone.,2953784.0
1887573,562963,Words don’t describe how much I HATE @AppleSupport @AppleSupport ‘s ios11 battery life. 10:00 am and already at 50%. I’ve barely used it.,device_troubleshooting,"@AppleSupport If you're having battery life issues, we're here to help. Let us know what device you have and the exact iOS version within DM:",
2403824,247528,iOS 11.1.1 added lags to keyboard and autocorrect works the worst ever. This is not funny anymore @AppleSupport,device_troubleshooting,@AppleSupport That is not the experience we want you to have with your device. Let's look into what's going on to find the best solution. DM us the type of device you're using and what you seem to be experiencing with your keyboard.,
556226,249938,"@AppleSupport WiFi, I’m using IPad.",device_troubleshooting,@AppleSupport Which type of iPad are you using? We want to make sure that iOS 11 is compatible with it. Let us know in DM:,556225.0
2113875,444758,"@AppleSupport Hey guys, your update screwed up the “I️” on my keyboard! Please fix. #Apple #update #frustrating",software_update,@AppleSupport Here’s what you can do to work around the issue until it’s fixed in a future software update:,
1039185,365857,"Hey, @AppleSupport. Updated to iOS11 &amp; now my battery lasts as long as the one in the 1st mobile phone I bought from AAA in 1999. #iOS11 😡",software_update,@AppleSupport Thanks for reaching out. We're here to help. DM us so we can look into this further with you.,
1329294,305448,@AppleSupport @AppleSupport please help me out guys. Link in the invoice receipt is not working for me to report.,billing_subscription,@AppleSupport You'll need to speak with iTunes Store support. Use the link we shared to find your options for speaking with them.,1329293.0
1980402,586237,@AppleSupport My Guest Account is still appearing even though it is turned off in Users &amp; Groups.,account_apple_id,@AppleSupport We're happy to take a look. Does this still appear as an option after restarting your Mac? Which macOS version is installed?,
1645849,502906,@AppleSupport How do I get my iPhone to stop downloading iOS 11? I don't want it installed without me doing it. 11 broke the podcasts app.,software_update,@AppleSupport Let's look into this Podcasts issue together. Please DM us a bit more about what's happening.,
517210,239249,@AppleSupport @AppleSupport Please fix the iOS glitch that restarts our phones every 5 mins.,device_troubleshooting,"@AppleSupport This isn’t expected behavior, we’ll work through fixing this together. What model iPhone are you using? DM us to let us know.",
2725969,601740,@AppleSupport The latest! 11.3. Running iOS 10 it was super fast. Every update I have ever done to any device has caused it to slow. That’s why you keep having to come out with new processors,software_update,@AppleSupport Thanks for taking the time to reach out We're excited to help. Could do us a favor and meet us in DM? We'd like to collect some information from your iPhone.,2725968.0
2020834,597633,"@AppleSupport iOS11.1, possible minor bug? Converter app backup re-enabled itself after being disabled (2nd event) same for other apps.",software_update,@AppleSupport We’d be glad to help. At this point we’d like to check if this happens with certain apps more often. Let us know in DM.,
196115,162144,@AppleSupport on iOS 11.02 iPhone 6 Plus restored to factory settings still have white screen &amp; lag when opening apps. Any help appreciated,device_troubleshooting,@AppleSupport Let's figure this out together. Which apps does this happen with? Did you restore it using iTunes or through Settings?,
208029,165214,@AppleSupport Haptic feed back isn’t felt with 3D Touch everytime,device_troubleshooting,@AppleSupport Excellent information. What is the iOS version number on your iPhone 8 Plus at this time?,208028.0
1329291,430154,"@AppleSupport my 2013 iMac 27"" is getting lots of Burn-In/Image Retention issues with my screen. If its defective can I bring it in?",device_troubleshooting,"@AppleSupport We'll do what we can to help. This may be preventable. For more info, see here:",
448367,221219,"@AppleSupport Like I said. I've dealt with this problem before. I need to use a computer to backup my device, re-set it and them do all the updates and all that fun stuff. Doesn't sound so hard except I don't have a computer to do all that with.",device_troubleshooting,@AppleSupport We completely understand. Please reach out to us if you need any help from us.,448366.0
2441766,347051,@AppleSupport iPhone is iOS 11.11; iTunes on computer is 12.7.1.14,software_update,@AppleSupport Are you syncing your music via USB? Let us know the answer in DM.,2441765.0
2726878,229792,@AppleSupport ever since pairing my watch series 3 to my iPhone 7 (11.2) the battery life has suffered badly. What can I do to improve it?,device_troubleshooting,@AppleSupport Having sufficient battery life is important. Let's try a few steps here: Let us know if the battery life improves after giving those steps a try.,
1147952,390163,I did not authorize any subscription with Apple Music. @AppleSupport,billing_subscription,@AppleSupport Our iTunes Store team can help with the subscription. You can reach them here:,
649776,274458,"@AppleSupport iOS 11.1.2 has made my iPhone 8+ practically unusable. Horrendous lag. Also if someone texts me while listening to music, it pauses the music.",device_troubleshooting,@AppleSupport Thank you for taking the time to reach out to us. We want to help. Do you notice a difference when using Wi-Fi versus cellular data? Let us know in DM.,
1662162,506892,@AppleSupport There’s a lag in my keyboard with every app. Phone freezes even for text messages. I have to lock and unlock just for it to work.,device_troubleshooting,@AppleSupport Go ahead and DM us using the link below. We'll work together from there.,1662161.0
1789078,537419,OMG - never use the postal service to try and get your iPhone repaired - they are total idiots !!!! @AppleSupport,hardware_repair_warranty,@AppleSupport Send us a DM and let us know what trouble are you having with the repair and shipping. We'll help out however we can.,
1464354,459896,"@AppleSupport my 6 is now shutting down when battery hits 75% or so. When I plug it back in, it shows 0 batt then jumps to 80% immediately.",device_troubleshooting,@AppleSupport Send us a DM and let us know what version of iOS you're running. We'll go from there.,
805645,311977,"@AppleSupport @AppleSupport Bad decision to update to ios11, my phones battery drains even if i am not using it. please fix it.",device_troubleshooting,@AppleSupport That is never what we want to hear. Reach out to us in DM and let us know which iPhone you’re using.,
2675069,753016,"@AppleSupport I’m unable to install the new IOS update, an error has occured installing ios 11.0.3, on my Iphone 6s plus",software_update,@AppleSupport We'd love to assist you with getting your iOS up-to-date. Try these steps out first: Does that help?,
2593272,734407,Umm @AppleSupport @AppleSupport I don’t understand how I pause my music from the slide up screen yet it continues to play 🤔 and that auto WiFi connection #annoying,device_troubleshooting,"@AppleSupport Hey there! We'd be happy to help with this issue. Just to clarify, when you say the slide up screen, are you referring to the Control Center? If so, are all the other functions working normally?",
361739,201674,@AppleSupport Just downloaded IOS 11.0.2 and now can’t make any calls- what’s the issue? #helpmeout,software_update,@AppleSupport Which device are you using? Let us know in a DM.,
2403805,691480,Should I mention the battery is going down like crazy agaaaaain?!? 😡#IOS1111 cc @AppleSupport,device_troubleshooting,@AppleSupport Let's work towards a resolution together. Please meet us in DM to continue.,
1063108,371025,@AppleSupport iOS 10.0.3 😬,software_update,"@AppleSupport Has the device been restarted since it happened? If not, let's do that using these steps:",1063107.0
2840364,790407,I’m still seeing black question marks even though my phone is updated¿ @AppleSupport,software_update,@AppleSupport Hi there. Is this what other people are writing or what you are writing?,
274953,181689,"@AppleSupport Can you help me with a 10.5” iPad Pro Apple keyboard bug? Type but no output on screen. Happens about three times a day. Toggling to lock screen and back helps. Also, once a week it starts deleting text like you’re holding delete key. Would appreciate any help.",device_troubleshooting,@AppleSupport We're happy to look into this with you. Let's get some basic information to proceed. Which version of iOS are you using on your iPad Pro today? When did you note this behavior beginning?,
1406241,446869,Is Apple broken? Why can’t I️ type I️ without weird symbols ???? @AppleSupport @AppleSupport @AppleSupport,hardware_repair_warranty,@AppleSupport We can help. What is the iOS version you currently have installed on your iPhone? You'll see this in Settings &gt; General &gt; About.,
1811800,544332,"@AppleSupport @AppleSupport even after applying #ios1103 update, the camera will keep a ""ghost"" image of the last camera sight, even if not shot!",software_update,@AppleSupport That's definitely not normal. Please DM us which iPhone you're using and country so we can determine your support options.,
168868,155295,"@AppleSupport The problem is that I can't see the hard disk on the left, where it should be exposed (--&gt; printscreen)",device_troubleshooting,@AppleSupport We'd be happy to look into this with you further. DM us using the link below and we'll go from there.,168866.0
2448308,701787,"@AppleSupport On some sites, after registering, it prompts to Update Pass instead of Save Pass. Then saves nothing. On other sites, it never saves rt pass",software_update,"@AppleSupport Got it. Please send us a DM, and we'll help form there. Thanks",2448307.0
1170096,555954,"@AppleSupport @AppleSupport Same thing started happening to me. Occurs about every 10 min while using, goes to that screen requiring log in again. No need for this!",device_troubleshooting,@AppleSupport We'd love to assist you with this issue. Please click here to meet us in DM and provide us with the details:,1170095.0
915179,224796,@AppleSupport the “cancel” button is up in the battery icon. #cantcancel,device_troubleshooting,@AppleSupport We're here for you. What iOS iPhone model are you using and which iOS version is it running?,
1815782,545458,@AppleSupport yeah I bought a new phone 3 weeks ago and my charger is already broken and it’s not even bent what r u gonna do about it,billing_subscription,@AppleSupport Thanks for reaching out to us. We'd like to help you and look into this further. Please DM us to continue working on this.,
1903526,567276,"@AppleSupport forgot to cancel my subscription to Apple Music after the trial, will I be able to get a refund by emailing support?",billing_subscription,@AppleSupport We hate to lose you! Our expert colleagues will be able to best answer your question:,
2425858,696604,"@AppleSupport I can’t even listen to none of my podcasts cuz the app keeps shutting down, what is going on with this new update?",software_update,"@AppleSupport We'll be happy to work through this to figure out what's happening with the Podcasts app. To start, could you confirm what type of device you're using? Along with that, when you say new update, are you referring to iOS 11.1.1?",
1477607,463092,What’s up with these boxes @AppleSupport ? And my phone is updated to 11.1,software_update,@AppleSupport Thanks for reaching out. We're here to help. DM us so we can look into this further with you.,
1218398,405876,Why?? I'm connected to WiFi and I tried on my mobile data... Wtf is wrong with @AppleSupport??,device_troubleshooting,@AppleSupport We can help with this update. Check out this article for steps to take for this error:,
593544,260539,@AppleSupport Apple..Phone is The Best but just lacking one feature which is really very usefull please please add it asap..The Delivery Report Feature for Text Messages to non apple users,order_shipping_inquiry,"@AppleSupport We value feedback and suggestions, tell us more here:",
1019387,273801,@AppleSupport Impossible to use any chat application plz fix keyboard lag.,device_troubleshooting,"@AppleSupport Thanks for letting us know. We want to help! Send us a DM with more details, and we'll get started.",
717207,176850,@AppleSupport @AppleSupport I have a query as to why the battery stays steadfast if it is 100 fil !! For a period of time 🤔🔧,device_troubleshooting,"@AppleSupport Let's look into this together. Could you tell us more about what's happening? Also, which device are you using?",717211.0
1671198,508694,"@AppleSupport every since I updated my phone the word ‘it’ autocorrects to ‘I.T’, how do I fix this?",software_update,@AppleSupport We'd like to look into this with you. Please DM us your current iOS version and we'll get started.,
1079170,154925,How do you write your own song in IOS garage band and get it into Clips? #classroomclips @AppleSupport @AppleSupport Am I missing something?,software_update,@AppleSupport That's a great question and we'd love to help! Reach out to our Garage Band team directly for help:,
947799,328758,"@AppleSupport I can’t seem to log into my Apple Music account. Every time I try to log in, it denies me, saying I can’t make another account",account_apple_id,"@AppleSupport We're at your service. To get started, do you have multiple Apple ID accounts?",
407984,212258,"@AppleSupport Not working again. Same as before, after entering login info it redirects back to login screen.",device_troubleshooting,@AppleSupport We'd be glad to look into this with you. Is this happening with multiple browsers on multiple devices?,407983.0
909830,336108,@AppleSupport can’t charge my iPhone 6 after installing #iOS11. Tried 3 different charging cables #Apple #iphone,software_update,"@AppleSupport Let's try following this article, and send us a DM if it doesn't help:",
1966035,582729,@AppleSupport i think the bug with music is still occuring. using spotify but it doesn’t appear on the lock screen or scroll up bar,device_troubleshooting,"@AppleSupport If you're not having any issues controlling the Music app, begin with these steps:",
168809,713128,@AppleSupport Why does it only work when I'm at the home screen? If I'm in an app and swipe down it will pull up the Notification Center. From the Notification Center if I swipe down from the right it will but it's frustrating.,device_troubleshooting,@AppleSupport Let's take a closer look at what you're seeing. Could you join us in DM to get started?,168760.0
2558745,726377,@AppleSupport No not for the videos. Only audios,software_update,@AppleSupport Does this happen with all sites that have audio files involved? Does this also happen when using cellular data? Let us know in DM.,2558744.0
159592,152741,@AppleSupport so i️ can go to an apple store trade in my perfect condition iphone 6s get like 200 dollars from that and then use i️t on a new phone?,order_shipping_inquiry,@AppleSupport Correct.,159591.0
1445586,455451,@AppleSupport what is up with no keyboard when texting? Didn’t happen with ios10.,software_update,@AppleSupport We'd love to help! Which keyboard are you using? Have you already updated to iOS 11.1?,
2378172,685855,@AppleSupport I have to use my camera for work to send photos from events. The update messaging up the order is a big issue. Pls reply ASAP,device_troubleshooting,@AppleSupport We'd like to gather some more information for better troubleshooting. Can you DM us the country you are located in?,
2353613,680085,"@AppleSupport hey, I’m unable to download anything from the App Store, I can search and click and t asks for verification but then never downloads the app - very frustrating!!",billing_subscription,@AppleSupport We'll be happy to work with you to get your apps updated. Were you able to verify the information requested? Have you tried updating over another Wi-Fi connection? Please DM us the device and OS version running:,
2109876,622449,@AppleSupport @AppleSupport por que la nueva actualización ios de los iphone activa la wifi y el bluethoo cuando le da la gana?. La bateria menos,device_troubleshooting,@AppleSupport We offer support via Twitter in English. Contact us for help in your preferred language here:,
2815573,784952,@AppleSupport I’ve restarted my Apple Watch 3x and it’s still not connecting to my phone,device_troubleshooting,"@AppleSupport Is the iPhone in Airplane mode, or is Low Power Mode turned on? Let us know.",2815572.0
1558132,258432,@AppleSupport Apps close. Texting certain people is impossible because the keyboard does whatever it wants. Everything is slow. Screen locks on black.,device_troubleshooting,@AppleSupport Send us a DM. We'll work with you from there.,1558131.0
820695,315483,@AppleSupport Waited a very few minutes than restarted. Can wait if it locks again and report.,device_troubleshooting,@AppleSupport We want to do everything we can to assist. DM us and we'll proceed from there.,820694.0
2355964,680622,@AppleSupport @AppleSupport can we PLEASE fix this iOS!! I cannot take it anymore. I rather my first flip phone at this point.,software_update,"@AppleSupport What's going on exactly? We're here for you and would love to help with any issues you're experiencing. Please let us know all about it, including which iPhone and version of iOS you're using.",
610336,265112,"@AppleSupport after iOS 11,my iphone 6 plus screen/touch goes unresponsive.Havng trouble in using. I hv updated till ios 11.0.2.Plz fixit",device_troubleshooting,@AppleSupport We're here for you. Send us a DM &amp; we'll continue working there.,
2439743,699757,"@AppleSupport Hi! I need your help. I have two iCloud accounts because i forgot the first one’s password so i create a new one. Then i could enter, but i don’t want to lose all the information that is in the second account. How can i do? Thanks!",account_apple_id,"@AppleSupport To ensure you can access the information we recommend the steps here for what to do if you forgot your password: If you're still unable to reset it, reach out to our Apple ID team here:",
738058,296516,@AppleSupport iPad mini 2 with iOS 11.0.2 😉,software_update,"@AppleSupport Awesome! Have you tried any steps to resolve this behavior? Also, when did you notice this behavior?",738057.0
1634073,499904,@AppleSupport It’s the software,software_update,@AppleSupport OK. Meet us in DM and we'll continue there.,1634074.0
861439,324542,"@AppleSupport I forgot my restrictions code, how do I reset it so I can remove it?",account_apple_id,@AppleSupport This article gives info on forgotten Restrictions passcodes:,
2043933,604442,@AppleSupport why is it tracking the calories in red and not tracking correctly? @AppleSupport #AppleWatch,order_shipping_inquiry,@AppleSupport Hey there! We're happy to discuss active calories vs. total calories. Join us in DM for more room to address your concerns.,
400928,210822,@AppleSupport the new update is draining my battery!!! What is going on??,device_troubleshooting,@AppleSupport We'd be happy to look into this with you. Please reach out to us via DM and we'll get started.,
333222,195367,Why you asking for payment information when the app is free?? @AppleSupport @AppleSupport,billing_subscription,@AppleSupport We've got this. This article will help you set up an account without payment info on file:,
195960,162098,@AppleSupport yI’m trying to activate touch passcode but it’s not working with update 11.2 could you please help me urgent ???,device_troubleshooting,@AppleSupport Hi. We're glad to help. Have you tried the steps here?,
976669,351646,@AppleSupport Radio stations won't play for me through iTunes on my MacBook Pro. All my software is up to date OS and iTunes. #help,software_update,@AppleSupport Glad to hear it's resolved. Let us know if there's anything else we can assist with in the future.,
1109228,381776,@AppleSupport my screen is like this when I unlock my #iphone7plus sometimes. Can u solve it?,device_troubleshooting,@AppleSupport We'd be glad to help! We've received your DM and will continue there.,
2206987,201222,"@AppleSupport ever since i got the new 11 update my phone storage GB keeps going up by itself,how do i stop it from doing it?",software_update,"@AppleSupport Let's team up and reclaim all the storage space we can. In Settings &gt; General &gt; iPhone Storage, what's taking up the most space?",
2042336,603926,@AppleSupport iOS 11.0.3 shortens my battery life by 75%. When will you release fix?,device_troubleshooting,@AppleSupport Thanks for reaching out. We'd like some details to assist. Send us a DM and we'll continue there.,
1745526,526316,"@AppleSupport Im using the built in keyboard, I've never installed any additional ones. Facebook pages and notes are also super slow.",software_update,"@AppleSupport Got it, thanks for the information. Send us a DM using the link below and we'll continue.",1745525.0
2757503,771701,@AppleSupport I seriously need a new phone!! IT WONT TURN ON HAS NO WATER DAMAGE WTF. How am I suppose to give yall the number thingy when it won't turn on?!,hardware_repair_warranty,"@AppleSupport Hello. We'd like to help. Since your iPhone isn't powering on, let's start by following the steps found here: Reach back out to us if you still have issues with it powering on. We're here for you.",
1332620,430879,@AppleSupport Twitter does not work on Apple Watch #WatchOs4 #iOS11,software_update,@AppleSupport We’re glad you reached out! What kind of issue are you having with Twitter on the Apple Watch? Does the app not open?,
957622,347217,@AppleSupport your update has totally messed up my 6S plus... please work on a bug fix. Going crazy here!,software_update,@AppleSupport We'd like to look at any issue you're experiencing. Which version of iOS is installed currently &amp; what's going on with the iPhone?,
1798984,540550,@AppleSupport updated iOS. Now every time I touch my iPad it switches rotation even w rotation lock on. How come? It’s most Annoying,software_update,@AppleSupport We'd be happy to help with your iPad. Have you been able to restart your iPad since this started? DM us your reply:,
150034,150209,"@AppleSupport No, thank you. If it involves spending 2 hours at a Genius Bar and spending money on repair, I’ll pass. Thank you for your response.",hardware_repair_warranty,"@AppleSupport Let us know if you change your mind, and we'll take a look at this with you.",150033.0
307951,189522,@AppleSupport I have an iPhone 7 Plus and I’m using iOS 11.0.2,software_update,@AppleSupport Thanks for that info. We'd like to go ahead and further review this for you. Please DM us and we'll go from there.,307950.0
1535006,476010,@AppleSupport It's when I tried to download the update. But my phone never updated,software_update,"@AppleSupport Got it, thanks. What happened when you tried to update your iPhone? Did you see an error message? Let us know in DM.",1535005.0
333647,195489,"WTF @AppleSupport ?! J’ai perdu tous mes messages, de plus la MAJ bug à mort... mon téléphone s’éteint sans raisons. #ios11problems",software_update,@AppleSupport We offer support via Twitter in English. Contact us for help in your preferred language here:,
2321850,672821,"@AppleSupport btw unless if i lock the screen and turn it back on, it gets normal",device_troubleshooting,"@AppleSupport We appreciate your patience as we continue looking into this together. Does restarting your iPhone have any effect on this issue? Does this happen with the use of any app that opens in landscape mode, or just the Need For Speed app?",2321853.0
2071923,612789,@AppleSupport @AppleSupport The latest iOS update is a disaster - really glitchy and apps regularly freeze (never happened me with iPhone before) also podcast controls don’t show on lock screen - anything being done to fix??,device_troubleshooting,@AppleSupport We'd be happy to help. Send us a DM with a few more details and we can start there.,
2068092,611578,"When you're ready to embrace iOS 11... what's happening, @AppleSupport?",software_update,@AppleSupport We'd like to help you get this phone up to date. Let us know which model of iPhone this you're using via DM. We'll go from there.,
404131,211656,@AppleSupport So updated and still same issue on iPad iPhone this is not good,software_update,"@AppleSupport Does this persist on other Wi-Fi networks? Were you able to try updating using iTunes? If so, what was the error you received?",404129.0
661535,277625,@AppleSupport hi! I just activated my iPhone X today and am signed into my iCloud account. Yet it keeps asking me to sign into accounts that aren’t mine. How do I stop this?,account_apple_id,@AppleSupport Congrats on your new iPhone X! We hope you love it. Let's meet in a DM and look into this together. Please tap here and we'll get to work:,
2581962,731752,@AppleSupport I have tried downloading IOS 11 on my iphone 6s plus several times. It will download the update but I get an error message when it tries to install it. Any idea why this is happening?,software_update,@AppleSupport We're eager for you to have iOS 11. Let's start with this article: Let us know if anything changes and be sure to back up first.,
2143368,630166,"@AppleSupport iPhone 6s and on 11.03. The 11.1 update notes made no mention of battery life improvements, but hey, new emojis!",device_troubleshooting,@AppleSupport We recommend updating to 11.1 and testing to see if the issue persists:,2143367.0
1640890,501646,"@AppleSupport when are y'all gonna fix the ugly hieroglyphics that show up every time someone with the recent iOS types the word ""I""?",software_update,@AppleSupport Here’s what you can do to work around the issue until it’s fixed in a future software update:,
1754080,423101,@AppleSupport 10m w no change in time. Retried and noticed browser blocked the chat popup. Prob frustrates 100s of users daily. #HTFaUXD,account_apple_id,"@AppleSupport We're here for you. Which web browser are you using? Also, you can chat through our Apple Support app for iOS.",
1480778,463835,@AppleSupport Hi. Can the faded grey and white passcode screen be changed to a sharper or darker view in IOS 11.?,device_troubleshooting,@AppleSupport Let's help. Please contact us via DM and we can go from there.,
2505089,714360,@AppleSupport IOS 11 first started and I have IOS 11.1.1 Apple Care Warrantied the phone over issues already so it’s a new device.,software_update,"@AppleSupport Got it. When you got this iPhone, did you restore the backup from your previous iPhone? When your iPhone restarts, do you see the Apple logo or a spinning gear?",2505088.0
1707747,517512,@AppleSupport No my phone be freezing by itself and all that extra shit the update made my phone worse and my snap videos don’t even post,software_update,@AppleSupport DM us using the link below. We can assist from there.,1707746.0
959354,347612,"Ever since this new iOS 11 update my phone runs hella slower, freezes now, and crashes apps @AppleSupport bullshit",software_update,@AppleSupport We're here to help. Which iOS 11 version are you on?,
733,115863,@AppleSupport I’ve got a screenshot saying my #iPhoneX is reserved for the 3rd then an email saying it’s the 18th... what happened?,device_troubleshooting,@AppleSupport Go ahead and send us a DM please. Let us know the country you're in.,
2037703,602511,my phone has been lagging nonstop since i updated it @AppleSupport i want an apology,device_troubleshooting,@AppleSupport Thanks for reaching out to us for support. We would love to help you. Please DM us so that we can look into this together.,
1865084,557220,@AppleSupport ios11 has rendered my iPhone 6s Plus completely useless. I have to restart it many times a day because it freezes constantly,device_troubleshooting,"@AppleSupport Hey, let's get your iPhone back up and running smoothly. DM us the exact iOS version and we'll look into this.",
1840621,530665,@AppleSupport I have a delivery that is lost in the mail or something. UPS says the sender needs to initiate the investigation. Help?,order_shipping_inquiry,@AppleSupport We'd like to help look into your recent order. Please send us a DM with more details and we'll find out what we can do.,
1857350,311373,@AppleSupport I dropped my phone yesterday. Would a 5ft drop change my iPhone 7+’a performance at all?,hardware_repair_warranty,@AppleSupport We'd be glad to assist with service info. DM us your current location so we can get you options for your region.,
539944,245228,@AppleSupport why do my speakers pop everytime i listen to music ??,device_troubleshooting,"@AppleSupport We wouldn't want this to happen while listening to music either. Join us in DM with more details, including your iOS version, iPhone model and whether this happens through the speaker, headphones or both.",
1689344,512921,@AppleSupport I literally entered my password correctly to sign into iCloud online and I’ve been locked out of my account - why ??,account_apple_id,@AppleSupport We’d recommend reaching out to our Apple ID team for any Apple ID inquires. You can get started here:,
683019,231630,@AppleSupport You still have a fundamental bug with 11.0.2 on the 7 Plus re: uploading pics to text. Balks most of the time.,software_update,@AppleSupport We'd love to see what you're experiencing. Please shoot us a DM and we can work together.,
1785116,536336,I have to restart my phone all 5 times in one day @AppleSupport cuz it keeps freezing even after continuous updates 🤷🏽‍♀️🤦🏽‍♀️😪,device_troubleshooting,@AppleSupport That's not to be expected. We want to help. Send us a DM letting us know which iPhone you have. We'll go from there.,
1643958,335077,@AppleSupport my sisters phone has ios10.3.3 and it says it’s up to date why can’t she update to the ios11,software_update,@AppleSupport Thanks for reaching out. We're here to help. DM us so we can look into this further with you.,
1672702,509080,"@AppleSupport Volume buttons on the side of my phone no longer function, speaker phone button doesn’t work when I’m on the phone, I can’t hear people",device_troubleshooting,@AppleSupport Thanks for those details! Join us in DM with the country you're in and we will continue there.,1672700.0
84182,134512,"Dear @AppleSupport, @AppleSupport imsg animation effects not working after upgradation from ios 10 to 11.02 in my iphone 7. Pls resolve this issue",software_update,@AppleSupport We'd like to help. Let's have you back up and update to our latest release (11.0.3):,
562376,251591,"@AppleSupport Yes that works. But I ended resetting it and lost my pictures and text messages since my backup failed. Wow. So it’s another wide-spread software bug. Why, @AppleSupport? Your customers deserve better.",software_update,@AppleSupport Do you use iCloud Photo Library or sync your data with iCloud?,562375.0
2633072,743455,@AppleSupport the extra level of security has meant I can't access Apple TV. Been sent the security code 5 separate times. Not logging in. Suggestions?,account_apple_id,@AppleSupport Let's get you to the right spot for help. Please reach out to our Apple TV experts here: They'll help you out.,
2855299,233353,Any idea what’s up with an iPad when it won’t charge?? Not the charger as it’s working on phone. Ipad looks like it’s charging then says ‘not charging’ in the top right where the battery lightening stike usually is!! #apple #ipad @AppleSupport,billing_subscription,"@AppleSupport We know how essential it is to be able to charge your device. Please try all steps in the section ""If your device charges slowly or won’t charge"" here: Let us know if this helps or not.",
824723,316417,@AppleSupport @AppleSupport @AppleSupport why #iOS11 as battery is always 1715 mah #rollbackios11 #ios11problems #Apple,device_troubleshooting,@AppleSupport We'd love to help with your battery on iOS 11. Can you DM us what model of device we are working with?,
2867896,631383,I updated my phone and i still see the boxes with ? 🤬🤬🤬🤬🤬🤬😭😭 i officially HATE #APPLE you pay all this money for trash @AppleSupport,billing_subscription,"@AppleSupport Let’s work together on this behavior. To verify, is this happening in your new posts and messages? Or are you seeing those unexpected characters in posts and messages from other individuals? Let us know via a DM. We’ll keep moving from there.",
1624949,497643,@AppleSupport @AppleSupport while using portrait mode on my iPhone 8 plus part of the phne gets warm.is there any prblem in my phn or software bug?,software_update,@AppleSupport Hello. Congrats on your iPhone 8 Plus. We hope you love it. Check this link to learn more about this:,
392254,208881,iOS 11 is prettttty trash. And I have an iPhone 7. @AppleSupport @AppleSupport,software_update,@AppleSupport Can you tell us more about any issues you're experiencing?,
400861,210814,@AppleSupport 11.0.2 battery life has gone from 9 hours to max 6 hours now,device_troubleshooting,@AppleSupport Let's look into this some more. Send us a DM and we'll continue from there.,400862.0
2301735,667992,Hey @AppleSupport And @AppleSupport Why is Diners Card not accepted on AppleID payments? I have been trying to update payment info to my new Card and it says: Enter a Valid Credit Card number! I thought Diners Card was a premium Card in India superior to even Amex! :/,billing_subscription,@AppleSupport We'd like to know more. DM us the details and we'll go from there.,
1765946,506909,@AppleSupport I have updated my iwatch (1st gen) iOS but still having the notification issue any ideas?,software_update,@AppleSupport We're happy to look into this with you. Send us a DM to continue.,
1993160,589868,"Hey @AppleSupport, what’s going on??? #newiOS",software_update,@AppleSupport We'd like to look into this with you. Send us a DM including the iOS version installed. We'll go from there.,
2572066,322608,"it’s been a week, when is it going to get in order @AppleSupport @AppleSupport",order_shipping_inquiry,"@AppleSupport We'd love to help! Did you receive an email previously, letting you know your pre-order was available to download? If so, did you follow those steps to download the complete pre-order? Here's a guide on that:",
682061,282776,"@AppleSupport every time I open Apple News, I see this. I no longer have a subscription, nor want to “correct” it. How do I make it go away?",billing_subscription,"@AppleSupport We'd like to take a closer look. If you tap on No Thanks, does it launch again immediately, or after relaunching?",
287455,184503,@AppleSupport iOS 11.0.2 has made my iPhone overhear and browser slow as hell. My battery drains faster than ever. Fix this pls,device_troubleshooting,@AppleSupport Hi. We're here for you. DM us and we can take a closer look.,
1364777,437758,@AppleSupport iOS 11.0.2.,software_update,@AppleSupport Go ahead and DM us some information about what's going on and we'll continue working there.,1364776.0
1974419,584702,@AppleSupport after updating my Apple Watch series 3 w/ LTE to WatchOS 4.1 battery is draining a lot faster. Why?,device_troubleshooting,@AppleSupport We'll be happy to help you maximize the battery life on your watch. Can you DM us how long it lasts on a full charge typically?,
311878,190489,@AppleSupport The App Store just says that it cannot connect and iTunes goes to a black screen and then exits out of the app,device_troubleshooting,"@AppleSupport Does switching connection types, such as another Wi-Fi network or cellular data, allow you access to the App Store?",311877.0
254075,176393,@AppleSupport Will try new High Sierra update and get back to you.,software_update,"@AppleSupport Sounds like a plan! Feel free to reach out if you have any future questions, or concerns. We're here to help you.",254074.0
2849146,792302,"When you finally get a new phone after 17 days without having one,but you forgot your Apple ID password and it says the recovery process can take up to 2 days @AppleSupport",account_apple_id,"@AppleSupport We know how important an Apple ID is to using our services. While Account Recovery is an automated process, please be sure to check out section ""Check the status, start over, or try to shorten the wait"" here: DM us with any questions:",
1586258,488016,I didn’t know 50% was the new 0% for battery life @AppleSupport @AppleSupport fix iOS 11 for older models 😒,device_troubleshooting,@AppleSupport We'd like to help. We'd like to know what you're experiencing. Let us know which iPhone you have and which iOS you're on.,
2110823,622669,"@AppleSupport What have you done to my battery life with 11.1.1? I’m dying here, on my iPad and my iPhone! #batterydrain #powersuck Fix NOW!",device_troubleshooting,@AppleSupport Having a dependable charge is important and we'd like look into this issue with you. Please DM us details regarding the behavior you're experiencing with your battery and we'll get right to work.,
242925,173692,@AppleSupport what’s the icon to the left of my battery % sign? It’s new maybe since my update last night?,device_troubleshooting,@AppleSupport We can help. That icon means that screen rotation is turned off. More info here.,
1269570,417255,@AppleSupport In Control Centre and at the top of the screen next to the battery percentage. And it does it twice a day at least...👎🏻,device_troubleshooting,@AppleSupport Let's have a look at this together. Can you please DM us?,1269569.0
1130589,386445,@AppleSupport @AppleSupport I’m with the same problem since #iOS11 on my iPhone 6s,software_update,@AppleSupport We'd like to work with you on any issues you're having with your iPhone. DM us details and we'll continue there.,1130588.0
1701662,515940,@AppleSupport It's 10am and I've already had to restart my phone 6 times due to it freezing everytime i try to use it,device_troubleshooting,@AppleSupport We totally understand. Would you like to join us in DM please and we can start troubleshooting?,
208914,165441,@AppleSupport I had not reset my device since I updated to iOS 11. Thanks for the tip.,software_update,"@AppleSupport No problem, we're happy to help.",208915.0
243247,173758,@AppleSupport I’ve tried restarting and nothing. If I delete the album and re add it it works but I have so many so I was hoping there was another way,device_troubleshooting,@AppleSupport Understood. Let's see if we can try a few other steps. Can you send us a DM? We'll continue there.,243246.0
2526376,411789,@AppleSupport any fix for the calculator issues in iOS 11? If I add 1+2+3 I get 24 because the animation doesn’t let me hit the second plus. See:,software_update,@AppleSupport Let's try waiting to press the second plus until the button turns orange again. Let us know how that goes in DM. Is it happening with other buttons in the app?,
1266534,395419,@AppleSupport UPDATE OUR PHONES MINE KEEPS FREEZING WHAT IF IM DYING,software_update,@AppleSupport We're here to help! Send us a DM telling us which iPhone you have and the iOS version it's running.,
2422600,695807,@AppleSupport I updated to High Sierra but on restart this is what I get... any advice?,device_troubleshooting,@AppleSupport We know how important it is to be able to use your Mac as normal after an update. We want to help get you back up and running. Let us know in DM which model Mac you have to get started.,
2441899,700277,@AppleSupport @AppleSupport So there is no way for me to know the status of my laptop without driving 45 minutes to see if it is physically in the store or not /3,order_shipping_inquiry,@AppleSupport We'd like to know more about the issue you're experiencing. Meet us in DM with additional details using the following link:,2441901.0
1367076,438234,tidal doesn’t show up in the control center or on my lock screen anymore after i updated yesterday. what did you do? @AppleSupport,device_troubleshooting,"@AppleSupport We're here to help. To clarify, do you mean song titles don't appear in music controls in Control Center &amp; Lock Screen?",
2014224,595588,@AppleSupport Been trying to install the latest update on my MacBook pro since yda. Tried restarting in recovery mode but still blocked,software_update,@AppleSupport We want to help with this issue on your Mac. Please DM us any other details and if you saw any errors. We'll work with you there.,
2782065,776928,Sinon c'est pour quand le débug du clavier IOS 10 ? @AppleSupport,software_update,@AppleSupport We offer support via Twitter in English. Contact us for help in your preferred language here:,
2054733,125792,@AppleSupport #apple #ee @AppleSupport when are you going to fix mic issue on #iPhone7Plus My next os to go legal as the phone is not fit for purpose,device_troubleshooting,"@AppleSupport We want to hear more about the mic issue you are experiencing on your iPhone 7 Plus. Please, meet us in DM with more details.",
1681655,511264,"@AppleSupport what the hell is going on?! Letters not working, phone is lagging, this iOS update is trash!",software_update,"@AppleSupport Let's team up on this. Which letters aren't working as expected? Also, are you using the built-in Apple keyboard?",
928068,340201,"@AppleSupport Yeah yeah i know settings and co, can we go back to normal ? To the same way ios 10 PLEAAAAAASE ?",software_update,"@AppleSupport We always appreciate feedback. If you'd like to submit your feedback about this, you can do so here:",928066.0
724926,293635,@AppleSupport Hard reset my phone 4 times today from unrecoverable crashes thanks to #ios11problems,account_apple_id,@AppleSupport We're here to help. Please DM us which iPhone model you're using to get started.,
2414332,693983,@AppleSupport When do you want to talk? It is totally locked up again. You are killing me. Seriously.,account_apple_id,@AppleSupport Send us a Direct Message using the link below and we'll take it from there.,2414331.0
1027602,363167,@AppleSupport Upgraded iPhone to 11.0.3. Now my phone frequently flips from disconnected and connected in my car. Fix the bluetooth issue!,device_troubleshooting,@AppleSupport Thanks for reaching out! We'll be happy to assist. Does the Bluetooth connection toggle like this with other devices?,
884971,330141,@AppleSupport @AppleSupport just upgraded my phone. Why didn’t any of my music restore from icloud?,software_update,@AppleSupport We can help. Your downloaded music is not stored in your iCloud backup. You'll need to redownload or sync your music again.,
2293102,665909,@AppleSupport How to force ⌚️stock complication to update? this stopped with ios11.1 (X) watchos4.1 (original).,software_update,"@AppleSupport When opening the app or using Siri to check a particular stock, the most up-to-date information should be presented. Though, with the market closed for the weekend, we’d not see updates in the Stocks app.",
795243,309600,"@AppleSupport 11.0.2 there is a .3 but telling me unavailable at this time. Seen many people complaining about freezes on screenshots, apps crashing and battery life reduced.",device_troubleshooting,@AppleSupport We’d like to look into this further together. Can you let us know if you have a computer with iTunes at home via DM?,795242.0
511130,237475,"@AppleSupport Wait, i meant the battery was at 40%.",device_troubleshooting,@AppleSupport We'd like to look into this further. Could you Direct Message us and let us know what country you're located in?,511127.0
1174773,396316,@AppleSupport I’m unable to plug my phone into a computer currently however I have tried to restart and I’m still seeing the same error!,device_troubleshooting,@AppleSupport Have you tried updating via another Wi-Fi network?,1174772.0
2057309,608451,"@AppleSupport And yes, I’ve restarted my phone, my WiFi, my home internet, the apps, my life, your life...",device_troubleshooting,@AppleSupport We'd love to assist you with your Wi-Fi issue. Can you tell us in DM what is happening specifically?,2057311.0
438032,219067,@AppleSupport iPhone 7 Plus. iOS 11.0.2,software_update,@AppleSupport Have you un-paired both your car and your other devices and added them back? Let us know in DM.,438031.0
570169,253837,My phone automatically updated to the new iOS and now my phone’s shutting down randomly. Help??? @AppleSupport @AppleSupport,software_update,@AppleSupport Thanks for reaching out. Let's start with the steps here: to see if we can get the issue corrected. Let us know if the issue continues.,
1367066,438231,"Hey @AppleSupport, I got an iPhone x reservation but want to change my payment method (to pay in full). Is that possible? How?",billing_subscription,@AppleSupport Hey there! We're so excited you got the iPhone X! Reach out to our Sales Team for help here:,
1508023,470012,"@AppleSupport Hi! Where it’s place in the screen. Unless this is a new thing which needs some getting used to. Before ios11.1, it popped in the center.",device_troubleshooting,@AppleSupport Thanks for the clarity! This is normal and something you'll want to adjust to on iOS 11.1.,1508022.0
1084977,375932,"Habe grad einen Bug entdeckt, @AppleSupport ihr Profis",software_update,@AppleSupport We offer support via Twitter in English. Contact us for help in your preferred language here:,
1835645,200151,@AppleSupport my iPad Pro lock button wasn't working so I tried restarting the iPad with the home and lock button and now it just keeps +,device_troubleshooting,@AppleSupport Thanks for reaching out to us. We are always happy to help. Send us a DM so we can look into this together.,
743427,297757,@AppleSupport how do you enable imessage as a sharing option in ios11??,software_update,@AppleSupport Let's look into that. Send us a DM and we'll go from there.,
1508056,467795,"@AppleSupport this update need to be re updated , I’m still seeing question marks",software_update,@AppleSupport What iOS version are you currently on? Let us know in Direct Message and we'll take a look.,
568421,253370,@AppleSupport Y’all made me update my phone for an issue that never got solved and my phone hasn’t worked right since,software_update,@AppleSupport Let's meet up in DM and discuss this further together.,568420.0
1655532,505228,"@AppleSupport Air drop will not work on my iphoneX. iOS is the latest. I tried to fix by many method, reset the setting, reset &amp; restore, but couldn't.",account_apple_id,@AppleSupport Can you explain what exactly is happening when you try to use AirDrop? Do you get an error?,1655531.0
2152239,632443,@AppleSupport I can’t download apps from the App Store and it’s taking your chat people forever 😒,billing_subscription,@AppleSupport We're here to help! Let us know more about what's happening with the App Store in a DM and we'll go from there.,
2055652,607936,"@AppleSupport tell your engineers to fix your f*cking OS, meanwhile i’ll format the phone and re-install, that’s what you’ll tell me anyway!",software_update,"@AppleSupport If you change your mind, and would like to do troubleshooting, please reach out to us in DM. We'd love to assist.",2055653.0
2454761,585518,"My gosh @AppleSupport I have to hard reset my phone at LEAST twice a day because your operating system is so jacked. FIX iOS11, @AppleSupport.",account_apple_id,"@AppleSupport That's not the experience we want you to have, and want to look into this further with you. DM us more about what's happening",
999939,498054,@AppleSupport Please add battery percentage to the control panel on the X,device_troubleshooting,@AppleSupport We always accept feedback to help improve our products! Please visit our Feedback page:,999856.0
258920,177559,@AppleSupport ur update turned my phone to scraps 🙄🙄,software_update,@AppleSupport We can help! What's going on with your iPhone?,
101300,138175,@AppleSupport just a heads up here's a glitch. Songs get stuck on the lock screen iOS 11.1.2 iPhone X,device_troubleshooting,@AppleSupport Thank you for reaching out to us. How often has this happened? Does it occur while using cellular data as well as a Wi-Fi connection? Let us know in DM.,
2253490,656462,"@AppleSupport currently trying to update an iPhone 5s and it keeps ""disconnecting"" according to iTunes/PC and disrupts the update before it can make any progress",software_update,"@AppleSupport Let's work on this together. First, check that you have the latest version of iTunes installed. Restart your PC and iPhone, then follow the steps in this article: Send us a DM letting us know how it goes, or if you have any questions.",
666255,278727,@AppleSupport @AppleSupport request: battery percentage inside battery icon on iPhone X please!,device_troubleshooting,"@AppleSupport We love hearing from our customers, that's how we improve our products. We welcome and encourage your feedback and suggestions! Please provide them here:",
2276930,662190,@AppleSupport So I’ve had a look at it’s not showing all my photos. My iPhone it but it seems to have broken albums down between iPhone photos and ones I’ve added from my camera.,device_troubleshooting,@AppleSupport Go ahead and send us a DM please. Let us know the country you're in.,2276929.0
1620596,496677,@AppleSupport what’s up with your guys screen recording feature? The sound cancels out when I try and play music during the recording.,device_troubleshooting,@AppleSupport Hey there! That's a great question! Please check out this awesome article about screen recording:,
794547,309445,@AppleSupport Thank you for responding! I've now been notified to update to the iOS 11.0.3 - will be in touch if the issues still occur post-update.,software_update,@AppleSupport You're welcome. Let us know how it goes.,794546.0
2803404,366170,"@AppleSupport iOS 11.1.2 and Pandora is version 1711.1. The iPhone is connected to media center via Bluetooth. However, the pandora app on the car can’t load songs/album.",device_troubleshooting,"@AppleSupport Okay. Let's remove the Pandora app, and re-install from the App Store. Let us know the results of this step.",2803406.0
2786466,777944,Good afternoon @AppleSupport @AppleSupport! Is there any way to completely block an IPhone device and prevent it from being used? Is there another way to track it when lost or stolen?,order_shipping_inquiry,@AppleSupport Thanks for reaching out. You can prevent the use of an iPhone by placing it into Lost Mode if Find My iPhone was enabled. You can also use Find My iPhone to track your iPhone. You can read more about those features here:,
2195137,642299,#ios1103 is terrible! Apps are loading slow! I can’t control music apps from my Pioneer unit will connected via Bluetooth. @AppleSupport,device_troubleshooting,@AppleSupport We're here for you. Click here to meet us in DM and tell us which version of iOS 11 you're running:,
1133201,387017,@AppleSupport Overheating; can’t control music with control panel; volume no longer displays when I use the volume buttons; (TBC),device_troubleshooting,@AppleSupport Thanks. Let's look into these issues further. Send us a DM and we'll go from there.,1133199.0
1427644,451632,@AppleSupport @AppleSupport This happens quite often and yes I restarted my phone multiple times . This seems to be a issue with iPhone6s majorly,device_troubleshooting,@AppleSupport Thanks. Send us a DM with the country that you are located in and we will continue from there.,1427645.0
758439,301233,Querido @AppleSupport @AppleSupport desde q actualice el software de mi iPhone la batería me dura menos q un pedo en una canasta! 😡😡 que hago?? 😤😤,software_update,@AppleSupport We offer support via Twitter in English. Get help in Spanish here: or join,
1864178,556964,@AppleSupport @AppleSupport #IOS11 fail. The #iphone hangs at all times and gets very hot. Many people are complaining about the same problem.,software_update,@AppleSupport We'd be happy to look into this issue with you. Let us know which iPhone you're using and the version of iOS 11 via DM.,
702149,287681,"@AppleSupport Since updating to iOS 11,Music app's been crashing if i'm connected to wifi. What should i do?",device_troubleshooting,@AppleSupport You've come to the right place. DM us the specifics and we'll work from there.,
208608,165346,@AppleSupport 6s just updated 10 mins ago to iOS 11.0.2 so I’ll give this one 24hrs to see what it’s like thanks to apple for doing the battery on recall!,software_update,"@AppleSupport That sounds like a plan. We're here from 5am until 8pm Pacific time, daily. We look forward to hearing the results.",208609.0
746873,298540,@AppleSupport my spotlight search has stopped working properly on iPhone 7 Plus with latest iOS 11 updates .... Amy ideas!?,software_update,@AppleSupport We want to help. What issue are you experiencing when using Search?,
1040263,366109,Hey @AppleSupport I updated my iPhone. And now my wireless headphones keep beeping. No apps open but pandora?? Help it’s annoying,software_update,@AppleSupport Thanks for reaching out. Which iPhone model do you have? Has the iPhone been restarted since you noticed these issues?,
2307972,669482,"@AppleSupport No updates for the apps, and when I went to talk to Apple Support it said “We do not have enough information to complete this request. If you would like to start a new support session, please close this window and return to the Apple support page.” It’s said that 5 times already.",software_update,"@AppleSupport For further support, you'll want to reach out to our Apps specialists by phone. You may find this link helpful:",2307971.0
65659,131029,"@AppleSupport when vpn status is connected, it is supposed to see a vpn-is-on notification on the upper left corner, while it is not case with my iphone6, ios11.1.2",software_update,@AppleSupport Thanks for reaching out. DM the country or region where you are currently located to get started.,
1867688,557918,"@AppleSupport my phone automatically updated last night without my authorization, and now my iPhone 6s has lost all volume output. HELP!",software_update,@AppleSupport We want to make sure your iPhone works the way you expect it to. Let's get paired up in DM to get started.,
1908434,568538,@AppleSupport why don’t we try fixing the bugs before releasing the updates for once. Your latest updates are brutal for functionality,software_update,@AppleSupport We'd like to know more about what's occurring on your device to assist. Send us a DM and we'll take it from there.,
1858549,555721,@AppleSupport Until I restart my ipad. Even if I just try to adjust brightness during a FaceTime call. I've tried everything.,device_troubleshooting,@AppleSupport Are you noticing if any other apps are failing to re-launch when you press the Home button to exit? Let us know in DM.,1858550.0
2292415,665729,@AppleSupport So ok the brightness thing is fixed now but why does my WiFi and Bluetooth still enable randomly even though I have them off,device_troubleshooting,"@AppleSupport We apologize for the delay in responding, but we're glad to hear that the brightness issue is sorted! Let's take a look at Wi-Fi and Bluetooth. Are you turning them off from Control Center? That function only disconnects. You'll need to turn them off from Settings.",2292417.0
849939,321952,"@AppleSupport And yes, started after update to #HighSierra",software_update,"@AppleSupport OK, thank you. Let's reset the SMC as described in the following article:",849938.0
427072,216579,@AppleSupport why when I do an update on my new 8plus it breaks! What is going on! It won't turn on now.......😭,software_update,@AppleSupport That's not to be expected. Let us help. Tell us more via DM.,
2410141,341442,Rejoice! My #iPhone8Plus is now working again @AppleSupport @AppleSupport @AppleSupport. Why it went Black &amp; nowt happening &amp; overheating I don’t know but it has depleted the Battery. Charging it up on the coach now. I did charge it overnight!,device_troubleshooting,"@AppleSupport We're glad to hear your iPhone 8 Plus is starting up as expected. We want to make sure we address all concerns you're having with your iPhone. To continue, DM us with the country where you're located so we can see what support options we have in your region.",
1671969,508893,Ever since I️ updated my phone “I️” turns into a weird symbol??? @AppleSupport,software_update,@AppleSupport Here’s what you can do to work around the issue until it’s fixed in a future software update:,
1689383,512935,"@AppleSupport every single update after iPhone 8 and X as been horrible, super disappointed phone freeze, restart himself and so many other",device_troubleshooting,@AppleSupport We want to help. Please tell us more about this in DM.,
1370248,438953,"@AppleSupport if I change my Apple ID and use another email , will I lose everything on my phone ?",account_apple_id,@AppleSupport We'd like to help you further with this. DM us which country you are located in to start.,
700026,287022,@AppleSupport I am unable to login after updating to High Sierra,account_apple_id,"@AppleSupport Thanks for reaching out to us. We'd like to help get you back into your Mac. Just to clarify, did the Mac become unresponsive during the update or during the start up?",
1637815,500883,@AppleSupport iPhone 7+ with 11.0.3 though I am upgrading to an X tonight. I upgraded to the 200 gig plan as I'm going to a larger capacity phone,software_update,"@AppleSupport If you open up the Files app, do you have any data there? Do you use any other devices with iCloud, such as a Mac or iPad?",1637818.0
2073042,613142,"@AppleSupport I don’t turn my WiFi off, I keep it on all the time. They freeze and the screen goes black and then my whole phone freezes.",device_troubleshooting,@AppleSupport Let's take a closer look. DM us the version of iOS 11 you're using and we can go from there together.,2073041.0
367948,537665,@AppleSupport @AppleSupport Yep. Same here. Was at 17% by 4:30pm I never got below 50% during the work day before! iOS11.1 but updated to 11.2 yesterday,software_update,"@AppleSupport Hey, thanks for bringing this to our attention. Send us a DM with your device so we can look into what's going on.",367947.0
1341783,432966,@AppleSupport hearing no bass at all in my new Iphone se earpods that came with the box and my Iphone 5s ones sound better with super bass,device_troubleshooting,@AppleSupport We can check it out. Does this occur with listening to a specific app? Are you using the built-in Music app?,
2742989,768321,@AppleSupport iPhone 7. Now battery Life is 5 hours,device_troubleshooting,@AppleSupport Thank you for clarifying that for us. Do you have any pending app updates? Please DM us and let us know.,2742988.0
195949,162094,@AppleSupport iCloud hacked &amp; am now locked out of my Mac which now asks for a 6 digit pin or to contact support on __email__...,account_apple_id,@AppleSupport Thanks for reaching out. For assistance with your Apple ID reach out to our Account Security team here:,
1243396,411698,"@AppleSupport @AppleSupport this screen makes me restart the Apple TV every time, my @AppleSupport doesn’t have this problem, what gives?",device_troubleshooting,@AppleSupport We can understand that this can be annoying. Try reaching out to our Apple TV experts here:,
1940705,438379,@AppleSupport Phone still freezes and crashes on 3rd party apps ... shameful update of iOS 11.03 ... Apple needs to maintain its standards like before ...,software_update,@AppleSupport We'd be delighted to work with you to come up with a solution. Just DM your country &amp; iPhone model and we'll start,1940698.0
2972431,499894,"@AppleSupport Yes. Mostly certain apps, but weird things happen too. For example the other day apps were missing from my screen. I could swipe either direction and they’d be gone. I locked it and they came back. Resetting always works",account_apple_id,"@AppleSupport For the apps you're noticing this with, have you restarted them as well? This link shows how to close them:",2972430.0
1018092,360890,"@AppleSupport ....and here we are again, this time with the ipad.... not had any problems with previous updates, so why this time???",software_update,@AppleSupport We're here to help. What's happening with your iPad?,1018091.0
2288296,561236,@AppleSupport I’m using iPhone 7+ and iOS 11.1.1,software_update,@AppleSupport Thanks for confirming that for us. Go ahead and DM us which country you're traveling from and we'll continue working there.,2288295.0
174987,157057,"@AppleSupport how come Apple Pay isn’t working on @AppleSupport? Every time I attempt to finish it, it says “Payment not completed.”",billing_subscription,@AppleSupport We’d like to point you in the best direction for assistance. Our team that best helps with Apple Pay would love to assist you from the following link:,
2353563,680070,"@AppleSupport It’s the IPad mini. Never been near liquid, dropped or squeezed. Used day before and it was perfect. Went to use it the next day and this had appeared.",hardware_repair_warranty,@AppleSupport Do these lines appear even when your iPad Mini is starting up with the Apple logo on screen? Please DM us to proceed from here.,2353562.0
1445694,117674,"@AppleSupport Hi, you asked if you can help. So... How do I stop iOS updates from automatically downloading? Deleted two so far: 2.6GB of unwanted data.",software_update,@AppleSupport iOS updates auto download as they often include important security changes. Feedback can be left here:,1445692.0
1291143,221224,"@AppleSupport @AppleSupport They gave no help. Said it might be my screen, the case I had on the iPhone or water damage!!",hardware_repair_warranty,"@AppleSupport The only way to check for water damage is to open the device to examine the liquid contact indicators. However, erratic behavior is not sole purview of a liquid-damaged device; it could also be software. Let's meet up in DM so we can go into more detail. Thanks!",1291144.0
1170313,395259,@AppleSupport 11.0.3 latest version updated. Also tried the ‘switch off and on’ the phone suggestion.,software_update,@AppleSupport Let's work on this together. What else have you tried? Let us know in DM and we'll get started.,1170312.0
1762203,282814,@AppleSupport still bug in beta 2 public release ios 11,software_update,@AppleSupport We're here to help. Let's take this to DM so we can better assist you.,
656320,176778,Hi @AppleSupport is it possible to change my Twitter notifications sound (i.e: whenever someone RTs or favs my tweets) from the usual Tri-Tone to any of the others available in iOS?,device_troubleshooting,"@AppleSupport As it turns out, that's not a current option. Feel free leave feedback here:",
2455343,703367,"@AppleSupport Will homepod be able to be setup as a ""home hub,"" like ipad and apple tv, or will I need one of those other devices to do automation. This sounds like it is: ""And it’s a hub for controlling your smart home accessories."" But I'd like confirmation on interpretation.",device_troubleshooting,@AppleSupport Great question! We appreciate your interest in using HomePod as your home's hub. We encourage you to stay up-to-date on Apple news about HomePod here: DM us with any other questions.,
2261504,658440,@AppleSupport Running on iOS 11.1.1 on an iPhone 6s. There was a carrier update. I can tell when the phone won’t place a call as my volume control buttons on the side stop responding. A hard reset fixes it until it happens randomly again. Phone will get extremely warm. No damage/water,software_update,@AppleSupport That seems like it can be frustrating. Let's try and find a solution together. Please send us a DM and we will go from there.,2261505.0
600405,263310,"@AppleSupport @AppleSupport Something’s going on with Apple! I have to take my mom’s phone to the Apple store, her phone keeps freezing! Can’t do updates either! Get it together Apple!",software_update,"@AppleSupport We may be able to save you the trip! DM us more information about your mom's iPhone, including the model and the exact version of the operating system it's currently running if you can, and we'll get started.",600404.0
593584,260551,Mn mobiel heeft net letterlijk 13 minuten Apple logo uit grijs scherm gegeven word er langzamerhand een beetje heel erg gek van. Heb de nieuwe update ook al.. dit is al de 30e x vandaag ofz. Vanochtend 12x in 1 uur.. @AppleSupport @AppleSupport,software_update,@AppleSupport We offer support via Twitter in English. Contact us for help in your preferred language here:,
2133472,627740,@AppleSupport I'm running version 11.0.3 and I listen to the podcast and it typically leaves my main screen after i finish listening to it. However this has been on my screen the past 2 almost 3 days.,device_troubleshooting,@AppleSupport Got it. We would first recommend updating to iOS 11.1. This article will help with updating:,2133471.0
2615214,739241,"@AppleSupport my phone just dropped 6% battery life in less than 60 seconds. I timed it for shits and gigs. Wtf guys? Since updating, my battery doesn’t last more than an hour and a half of light use",hardware_repair_warranty,@AppleSupport Hi there. We'd like to help. Please tell us what version of iOS you see under Settings &gt; General &gt; About &gt; Version. We'll start there.,
1335172,431457,@AppleSupport major issues today? Mine and daughters apple ids won’t verify,account_apple_id,"@AppleSupport We'd be happy to look into what's going on with your Apple IDs. To start, can you tell us what happened prior to this?",
2372164,684406,@AppleSupport Updated today to 10.13.1 Desktop is using 10.12.2.,software_update,@AppleSupport Thanks! Are you able to log in with your credentials at Let us know.,2372168.0
2003241,592362,@AppleSupport this update is literally ruining my phone. Apps and camera don’t open and it is beyond slow.,device_troubleshooting,"@AppleSupport Let's look into this together. DM us which iPhone and version of iOS 11 you're using, and we'll continue from there.",
188346,160194,@AppleSupport iOS 11,software_update,@AppleSupport We recently released iOS 11.0.2. Would you make sure you have the most current version? Check here:,188345.0
2518238,717328,@AppleSupport So my phone was already updated to 11.1.1. Is there an update to the update resolving this issue?,software_update,@AppleSupport Thank you for checking your iOS version for us. Let's check the Storage available for the device currently. Go to Settings &gt; General &gt; iPhone Storage. What does it show for available? Do you have any available updates for apps in the App Store?,2518237.0
2889421,801113,@AppleSupport Please help as I am not receiving any kind of help from the service station and online executives. Requesting you to get in touch as soon as possible.,device_troubleshooting,@AppleSupport We are here to help. Reach out to us in DM and tell us what is happening.,
1535040,476022,"@AppleSupport Question. Should the Apple Watch series 3 w/LTE be able to send text and imessages over LTE, without wifi or nearby iphone?",device_troubleshooting,@AppleSupport Take a look at this article for specifics on messaging with the Apple Watch Series 3 (GPS + Cellular):,
181015,158516,Another iOS update and it still hasn’t fixed my Bluetooth problem. What’s going on @AppleSupport ?,software_update,@AppleSupport We can check it out together! What Bluetooth issues are you seeing? Let us know in a DM:,
2409568,692831,"@AppleSupport Yes, Maps was not open when the notification appeared on my screen",device_troubleshooting,@AppleSupport Thanks. Send us a DM with the country that you are located in to continue.,2409567.0
1780289,534867,@AppleSupport Reset the WiFi and it’s working but slower compared to other phones,device_troubleshooting,"@AppleSupport Okay, does this occur on all Wi-Fi connections? Let us know via DM:",1780287.0
1296324,422999,@AppleSupport SMC reset did not help,account_apple_id,"@AppleSupport Alright, understood. Send us a DM next and we'll look into what else we can do to help you.",1296323.0
1713052,518860,@AppleSupport I’m in my house with a 20MB WiFi,device_troubleshooting,@AppleSupport Thanks. May we ask which country you're in? Let us know in DM.,1713053.0
1872171,559057,Hey @AppleSupport these updates got my apps freezing my speaker doesn’t work. The whole phone messed up.,device_troubleshooting,@AppleSupport Let's see what we can find to help you with this. Which apps stop responding? When do you have problems with the speaker?,
596895,261497,"@AppleSupport @AppleSupport a friend has broken their phone, can’t login to iTunes as has forgotten password, how can we check if anything is backed up/stored?",account_apple_id,@AppleSupport We can definitely understand your concern. This article will help you find backups:,
1828436,548733,"iOS 11 is pants, constantly crashing for a few minutes whilst typing on my keyboard, notably when using emojis... @AppleSupport",software_update,@AppleSupport Thanks for reaching out to us. We are always happy to help. Send us a DM so we can look into this together.,
2298293,667147,If @AppleSupport (@AppleSupport) doesn’t fix the bug that changes the letter “i” to this crap: “I️ “.... I’m going to explode.,software_update,"@AppleSupport We're here to help. An update has been released that addresses this issue. If you haven't already, back up your iPhone and update to iOS version 11.1.1. For more information about this, click here: DM us if you have questions.",
523837,241078,@AppleSupport Hello - I'm having trouble with my iPhone 7. A black screen with the spinning wheel appears every 10-20 seconds and asks for my key code. I did a full factory reset and the problem still persists. My current iOS version is 11.1.2 (updated less than 24 hours ago).,device_troubleshooting,@AppleSupport We received your DM and will work with you there. You should see our reply shortly.,
2945776,813686,Oh @AppleSupport … not sure how can I recover my password in this case :],account_apple_id,@AppleSupport Thanks for reaching out. We want to be sure you can access our page to reset your password. Let us know if this helps:,
946675,344482,@AppleSupport Didn’t have these issues prior to installing update. I know others with same issue of phone bogging down since update,software_update,"@AppleSupport Thanks for the details. Let's meet in DM to collect more information, please.",946674.0
2193426,641932,@AppleSupport when’s the new update coming,software_update,@AppleSupport Hi there. iOS 11.1.1 is here. You can learn how to update here:,
848449,321631,"iOS 11 est effectivement une mise à jour bien ratée... -50% de batterie iPhone depuis ce matin, en faible activité 🙄 @AppleSupport",software_update,@AppleSupport We offer support via Twitter in English. Contact us for help in your preferred language here:,
2955504,815858,I can't be the only person with the new iOS 11 that keeps getting 'not delivered' messages for every pic I send... even if it sends... @AppleSupport I've looked everywhere and can't find a solution... #frustrated #appleiphone8plus #helpme,software_update,@AppleSupport Thanks for reaching out. We want to be sure that you can send your messages as you'd expect. Let us know if the troubleshooting steps outlined here help you:,
1247829,412767,@AppleSupport Just have had to restart it a handful of times in the past couple of days.,device_troubleshooting,@AppleSupport Good information. Let's look into this further. Please send us a DM telling us which iPhone you have and its version.,1247828.0
1690090,513092,Issue w new iOS (11.2 &amp; 11.3)? Inputting 2 dashes auto converts to 1 long dash then deletes all subsequent content. @AppleSupport @AppleSupport,software_update,"@AppleSupport Let's look closer at this together, starting with the device model and any steps tried too.",
1857394,555453,"@AppleSupport you guys need to work on fixing these bugs in the update. Freezin up, dropin calls, face time dropin and the list goes on.",software_update,@AppleSupport We'd love to help with this. Have you already updated your iPhone to iOS 11.0.3? Let us know in DM and we'll get started.,
105438,139292,@AppleSupport how do i make a service complaint?? Disappointed in my service for my⌚️ repair 😡,hardware_repair_warranty,@AppleSupport We can assist you. Please DM us via the following link for any details you can provide and we'll help you from there.,
2795484,780074,@AppleSupport Is there a way to check the overall battery health of my iPhone 6S Plus?,device_troubleshooting,@AppleSupport We want to help. DM us and we'll work from there.,
119473,142507,@AppleSupport Thanks again. I can play some songs from the album but not certain ones. It’s the same on a few different albums with the same error message. Restarting my phone hasn’t fixed it,device_troubleshooting,"@AppleSupport We want to make sure we don't advise any steps that might result in downloaded songs being deleted. Try going to Settings &gt; [your name] &gt; iCloud and sign out. Then reboot, sign back in and try one of the same songs.",119472.0
2799467,781047,Anyone else having issues connecting device to net since latest @AppleSupport update? Or is it an issue with @AppleSupport this morning?,software_update,@AppleSupport We'd be happy to look into this with you. Send us a DM and we'll go from there.,
2255494,656939,iOS 11.1 did not fix my problem @AppleSupport I’m still seeing the error,software_update,@AppleSupport Hi. Were you using Text replacement as a work around to the issue. Here's how to check: Go to Settings &gt; General &gt; Keyboard &gt; Text Replacement,
1982307,586771,"@AppleSupport aye Apple, everybody is tired of this shit and these problems. We spend way too much money for us to be seeing boxes and shit",billing_subscription,@AppleSupport We're happy to help out. Send us a DM and let us know your iPhone version and a few details about what's happening.,
1738837,524821,@AppleSupport after ios 11 update phone too slow kindly explain procedure to get back the previous os,software_update,"@AppleSupport Tell us more, we'd like to help. Is this happening with an app? Let's meet in DM to continue.",
542395,245886,"@AppleSupport My Mac account is set in Italian, but just after the last security patch (17B1003), these #macOSHighSierra warns appears in mixed English and Italian. Any solution?",account_apple_id,@AppleSupport Thanks for the screenshots. Have you fully restarted your Mac since having this issue?,
